id,countryCode,title,category,year,cluster
at-12198,AT,Federal law consolidated: entire legal regulation for the climate protection law,Law,2011,1
at-10564,AT,The Austrian Strategy for Adaptation to Climate Change,Policy,2017,0
at-10659,AT,Integrated National Energy and Climate Plan for Austria,Policy,2019,6
at-12222,AT,Tax Reform Act 2020,Law,2020,7
at-12326,AT,Ecosocial Tax Reform Act 2022 Part I,Law,2022,7
be-12192,BE,Law relating to the coordination of the federal sustainable development policy,Law,1997,5
be-12293,BE,Law relating to the organization of the electricity market,Law,1999,7
be-12301,BE,The Federal Sustainable Development Plan,Law,2000,5
be-10533,BE,The Co-operation Agreement on the National Climate Plan and the National Climate Plan,Law,2002,1
be-act-relating-to-minimum-nominal-nominal-,BE,Act relating to minimum nominal nominal volumes of sustainable biofuels which must be incorporated into the volumes of fossil fuels put annually to consumption,Law,2013,4
be-law-modifying-the-law-of-july-17-2013-re,BE,"Law modifying the law of July 17, 2013 relating to minimum nominal volumes of sustainable biofuels which must be incorporated into the volumes of fossil fuels put annually to consumption",Law,2015,4
be-law-modifying-the-law-of-april-12-1965-r,BE,"Law modifying the law of April 12, 1965 relating to the transport of gas products and others by pipes and the law of April 29, 1999 relating to the organization of the electricity market, with a view to reducing the cost of the deployment of electronic communications networks High Speed",Law,2017,7
be-law-modifying-the-law-of-april-29-1999-r,BE,"Law modifying the law of April 29, 1999 relating to the organization of the electricity market in order to introduce a competition procedure for the construction and operation of production facilities in marine spaces under the jurisdiction of Belgium and ratifying the royal decree of February 11, 2019, modifying the royal decree of July 16, 2002 relating to the establishment of mechanisms aimed at promoting electricity produced from renewable energy sources",Law,2019,7
be-12445,BE,National Energy and Climate Plan: Part A - National Plan,Policy,2019,6
be-11658,BE,National Energy and Climate Plan: Part B - Analytical basis,Policy,2019,6
be-12348,BE,National energy -climate plan: Part A - National Plan,Policy,2019,6
be-12381,BE,National energy -climate plan: part B - Analytical base,Policy,2019,6
be-12470,BE,Law on the Mobility Budget,Law,2019,5
bg-10546,BG,Early-warning system in case of disasters (Ordinance 26/2009 of the Council of Ministers),Policy,2009,10
bg-energy-strategy-of-the-republic-of-bulga,BG,"Energy Strategy of the Republic of Bulgaria till 2020 for Reliable, Efficient and Cleaner Energy",Law,2011,2
bg-energy-strategy-of-the-republic-of-bulga,BG,"Energy Strategy of the Republic of Bulgaria until 2020 for reliable, efficient and cleaner Energy",Law,2011,2
bg-11600,BG,Forestry Act,Law,2012,0
bg-11603,BG,Energy Efficiency Act,Law,2013,3
bg-12869,BG,Energy from Renewable Sources Act,Law,2013,11
bg-10165,BG,Climate Change Law,Law,2015,8
bg-12871,BG,Energy Act,Law,2015,2
bg-12531,BG,Energy Efficiency Act,Law,2015,3
bg-12283,BG,Renewable Energy Act,Law,2015,11
bg-12802,BG,Energy Act,Law,2016,2
bg-11229,BG,Climate Change Mitigation Act,Law,2017,8
bg-10166,BG,Forest law,Law,2017,0
bg-10172,BG,Spatial Planning Act,Law,2017,10
bg-10296,BG,Integrated Energy and Climate Plan of the Republic of Bulgaria 2021 - 2030,Policy,2019,6
bg-10665,BG,Integrated Energy and Climate Plan of the Republic of Bulgaria 2021 - 2030.,Policy,2019,6
bg-10361,BG,National Climate Change Adaptation Strategy and Action Plan,Policy,2019,0
hr-11427,HR,Environmental Protection and Energy Efficiency Fund Act,Law,2003,9
hr-11292,HR,Forest Law,Law,2005,0
hr-11293,HR,Environmental Protection Act,Law,2007,8
hr-11306,HR,Decision to declare the Law on Transport Biofuels,Law,2009,7
hr-12413,HR,Law on Transport biofuels - consolidated text of the law,Law,2009,7
hr-11286,HR,Strategy for Sustainable Development of the Republic of Croatia,Policy,2009,8
hr-12770,HR,Air Protection Law,Law,2011,8
hr-10424,HR,Energy Act,Law,2012,9
hr-11304,HR,Law on the promotion of clean and energy efficient vehicles on roads,Law,2013,5
hr-regulation-on-the-adoption-of-the-plan-f,HR,"Regulation on the adoption of the Plan for the air protection, protection of the ozone layer and climate change mitigation in the Republic of Croatia for the period 2013-2017",Policy,2013,8
hr-10924,HR,Regulation on the internal organization of the Ministry of Environment and Nature,Policy,2014,8
hr-11309,HR,Law on Energy Efficiency,Law,2014,9
hr-11804,HR,Law on Renewable Energy Sources and Highly Effective Cogeneration,Law,2015,2
hr-11307,HR,Law on Renewable Energy Sources and Highly Efficient Cogeneration,Law,2015,9
hr-11296,HR,National Reform Programme 2016,Policy,2016,2
hr-11301,HR,Law on the establishment of infrastructure for alternative fuels,Law,2016,5
hr-integrated-national-energy-and-climate-p,HR,Integrated National Energy and Climate Plan for the Republic of Croatia for the period 2021-2030,Policy,2019,6
hr-integrated-both-energy-and-national-and-,HR,Integrated both energy and national and climate and plan for the Republic of Croatia for the 2021 to 2030,Policy,2019,6
hr-decree-on-the-quotas-for-incentivising-t,HR,Decree on the Quotas for Incentivising the Production of Electricity from Renewable Energy Sources and Highly-Efficient Cogeneration,Policy,2020,11
cy-11217,CY,Law No. 112(?)/2013 on the promotion and encouragement of the use of renewable energy sources,Law,2013,9
cy-10290,CY,Cyprus’ Integrated National Energy and Climate Plan,Policy,2020,6
cz-12261,CZ,Roads Act No. 13/1997 Coll.,Law,1997,7
cz-11664,CZ,Law 239 on the integrated rescue system and on the amendment of some laws,Law,2000,10
cz-12268,CZ,Act No. 56/2001 Coll. on the Conditions of Operation of Vehicles on Roads and other provisions,Law,2001,4
cz-11789,CZ,Adaptation strategy to climate change in the Czech Republic,Policy,2015,0
cz-10422,CZ,Czech National Action Plan for Clean Mobility,Policy,2015,5
cz-12545,CZ,"State Environmental Policy of the Czech Republic 2012–2020, as amended by the 2016 update",Policy,2016,0
cz-10834,CZ,"State Environmental Policy of the Czech Republic 2012–2020, as amended in 2016",Policy,2016,0
cz-11863,CZ,"CLIMATE PROTECTION POLICY OF THE CZECH REPUBLIC, Executive summary",Policy,2017,8
cz-11012,CZ,Climate protection policy,Policy,2017,8
cz-10297,CZ,National Energy and Climate Plan of the Czech Republic,Policy,2019,6
cz-10676,CZ,The national plan of the Czech Republic in the field of energy and climate,Policy,2019,6
dk-10260,DK,"Heat Supply Act no 772/2000, amended by Act no 345/2005 and no 622/2010",Law,2000,9
dk-danish-strategy-for-adaptation-to-a-chan,DK,Danish strategy for adaptation to a changing climate (2008) and the Action Plan for a climate-proof Denmark (2012),Policy,2008,0
dk-11660,DK,Emergency Management Act,Law,2009,10
dk-executive-order-of-the-sustainable-biofu,DK,Executive Order of the Sustainable Biofuel Act and on the reduction of greenhouse gases from transport,Law,2011,4
dk-10181,DK,Carbon Dioxide Tax on Certain Energy Products - Act 321/2011,Law,2011,7
dk-10547,DK,The Danish Climate Policy Plan,Policy,2013,9
dk-act-amending-the-sustainable-biofuel-act,DK,Act amending the Sustainable Biofuel Act and on the reduction of greenhouse gases from transport,Law,2016,4
dk-10295,DK,Denmark’s Integrated National Energy and Climate Plan,Policy,2019,6
dk-executive-order-of-the-sustainable-biofu,DK,Executive Order of the Sustainable Biofuel Act and on the reduction of greenhouse gases (Biofuel Act),Law,2020,4
dk-12412,DK,Law on Climate,Law,2020,8
dk-11077,DK,Law on Climate (Climate Act),Law,2020,8
ee-11420,EE,National Environmental Strategy until 2030,Policy,2007,1
ee-11221,EE,Estonia 2020' National Reform Programme,Policy,2011,2
ee-12851,EE,Climate Change Adaptation Plan 2030,Policy,2017,0
ee-12524,EE,Estonian National Energy and Climate Plan until 2030 (REKK 2030),Policy,2019,6
ee-10300,EE,Estonia’s 2030 National Energy and Climate Plan (NECP 2030),Policy,2019,6
fi-10177,FI,Land Use and Building Act,Law,1999,3
fi-12195,FI,Act on Verification and Notification of the Origin of Electricity,Law,2003,2
fi-11264,FI,Land Use and Building Act (including 2003 amendment),Law,2003,3
fi-10176,FI,Flood Risk Management Act,Law,2010,10
fi-10178,FI,Law on Air Traffic Trading,Law,2010,5
fi-12208,FI,Act 490/2013 on wind power compensation areas,Law,2013,2
fi-10193,FI,National Climate Change Adaptation Plan 2022,Policy,2014,0
fi-10961,FI,Act on Aviation Emissions Trading (including amendments up to 2015),Law,2015,5
fi-12565,FI,Climate Change Act,Law,2015,8
fi-11277,FI,National Energy and Climate Strategy for 2030,Policy,2016,1
fi-10243,FI,Act 478/2017 on the distribution of alternative fuels for transport,Law,2017,5
fi-12266,FI,Law 416/2019 banning the use of coal for energy purposes,Law,2019,9
fi-12223,FI,Finland’s Integrated Energy and Climate Plan,Policy,2019,6
fi-11500,FI,"Entries to the meeting minutes, Government’s fourth supplementary budget",Law,2020,5
fi-10320,FI,Content of the draft budget,Law,2020,5
fr-12566,FR,"Energy Policy Framework (POPE, No. 2005-781)",Law,2005,3
fr-10792,FR,Grenelle I,Law,2009,1
fr-12669,FR,Grenelle II,Law,2010,7
fr-12682,FR,Thermal Regulation 2012 (RT 2012),Policy,2012,3
fr-12678,FR,"Farming, forest and alimentation Framework Law No. 2014-1170",Law,2014,0
fr-energy-code-measures-specific-to-vehicle,FR,Energy Code - Measures specific to vehicles: Sub-section 2: Amounts and methods of aid payments,Policy,2015,7
fr-11418,FR,National ecological transition strategy towards sustainable development,Policy,2015,8
fr-10832,FR,Law no. 2015-992 on Energy Transition for Green Growth (Energy Transition Law),Law,2015,1
fr-12310,FR,Decree n° 2015-1491 on the national carbon budgets and the national low-carbon strategy,Policy,2015,4
fr-decree-of-march-14-2016-validating-the-a,FR,"Decree of March 14, 2016 validating the ""Adverse"" program within the framework of the system of energy savings certificates",Policy,2016,11
fr-law-n-2016-1888-of-december-28-2016-of-m,FR,"Law n ° 2016-1888 of December 28, 2016 of modernization, development and protection of mountain territories (1)",Law,2016,8
fr-10332,FR,"Modified by law n ° 2016-1888 of December 28, 2016 - Art. 1",Law,2016,8
fr-12394,FR,The Recharge terminal financing program for electric vehicle,Policy,2016,11
fr-11696,FR,Climate Plan,Policy,2017,0
fr-11609,FR,General Tax Code - Article 1011b,Policy,2017,7
fr-10532,FR,The national climate change adaptation plan,Policy,2017,0
fr-11650,FR,Hydrogen deployment plan for energy transition,Policy,2018,2
fr-10298,FR,Energy Renovation in Buildings Plan,Policy,2018,7
fr-11499,FR,Plan for cycling and active mobility,Policy,2018,5
fr-11503,FR,ELAN law on housing and decree 2019-771,Law,2018,3
fr-10474,FR,National Health Strategy 2018-2022,Policy,2018,0
fr-11686,FR,French strategy for energy and climate,Policy,2019,1
fr-12298,FR,"Law n ° 2019-1270 of December 2, 2019 of amending finance for 2019 (1)",Law,2019,7
fr-12277,FR,The national ecological transition strategy towards sustainable development 2015-2020,Policy,2019,8
fr-10282,FR,Climate Convention report,Policy,2019,8
fr-12202,FR,Law no. 2019-1147 on Energy and the climate,Law,2019,8
fr-12374,FR,Mobility orientation law on transport (LOM),Law,2019,11
fr-10648,FR,Automobile support plan,Policy,2020,11
fr-12637,FR,"Decree No of April 21, 2020 relating to multi -year energy programming",Policy,2020,1
fr-12650,FR,France Relaunch Plan,Policy,2020,1
fr-12617,FR,National low-carbon strategy,Policy,2020,8
fr-12353,FR,France's Integrated Energy and Climate Plan,Policy,2020,6
fr-12640,FR,Construire la France de demain: Relancer l'économie et ressortir renforcé de la crise,Policy,2020,1
fr-order-relating-to-the-conditions-for-con,FR,Order relating to the conditions for converting combustion engine vehicles into battery or fuel cell electric engines,Policy,2020,5
fr-12370,FR,Decree n ° 2020-787 of 25 June 2020 relating to purchasers of last resort of biogas,Policy,2020,9
fr-12927,FR,National strategy for the development of carbon-free hydrogen in France,Policy,2020,5
fr-10305,FR,Aeronautic sector support plan 2020,Policy,2020,4
fr-law-n-2020-105-of-10-february-2020-relat,FR,LAW n ° 2020-105 of 10 February 2020 relating to the fight against waste and the circular economy,Law,2020,9
fr-12405,FR,"Abrogated by order n ° 2021-1843 of December 22, 2021 - Art. 10",Law,2021,7
fr-12547,FR,Bas-Carbon National Strategy (SNBC),Policy,2021,8
fr-decree-of-december-10-2021-creating-a-pr,FR,"Decree of December 10, 2021 creating a program as part of the system of energy savings certificates",Policy,2021,11
fr-12361,FR,"Law No. 2021-1900 of December 30, 2021 in finance for 2022 (1)",Law,2021,7
fr-10340,FR,Ordinance No. 2021-167 relating to hydrogen,Policy,2021,9
fr-law-no-2021-1104-on-the-fight-against-cl,FR,Law No 2021-1104 on the fight against climate change and the reinforcement of resilience in the face of its effects,Law,2021,8
fr-decree-n-2021-153-establishing-aid-for-i,FR,Decree n ° 2021-153 establishing aid for investments relating to rapid charging installations for electric vehicles on major roads,Policy,2021,11
fr-10444,FR,France 2030,Policy,2021,5
fr-10497,FR,Decree No. 2021-1840 relating to advertising in favor of motor vehicles,Policy,2021,4
fr-10691,FR,Multi -year energy programming (PPE),Policy,2022,1
fr-decree-no-2022-8-relating-to-the-minimum,FR,Decree No. 2022-8 relating to the minimum environmental performance result concerning the installation of heating or domestic hot water production equipment in a building,Policy,2022,9
de-12550,DE,Energy Saving Act (EnEG),Law,1976,3
de-10627,DE,Energy Consumption Labelling Act (EnVKG),Law,1997,4
de-12551,DE,Combined Heat and Power Act (KWKG),Law,2002,2
de-10617,DE,Law on the electricity and gas supply (Energy Industry Act - EnWG),Law,2005,9
de-10791,DE,Biofuel Quota Act (BioKraftQuG),Law,2007,5
de-10613,DE,Integrated Climate and Energy Programme (IEKP),Policy,2007,3
de-10629,DE,German adaptation strategy to climate change,Policy,2008,0
de-10552,DE,Renewable Energies Heat Act (EEWrmeG),Law,2008,3
de-12549,DE,Power Grid Expansion Act (EnLAG),Law,2009,2
de-10588,DE,"Energy Concept for an Environmentally Sound, Reliable and Affordable Energy Supply",Policy,2010,2
de-12552,DE,Energy and Climate Fund Act (EKFG),Law,2010,7
de-12569,DE,Grid Expansion Acceleration Act (NABEG),Law,2011,2
de-10759,DE,Carbon Capture and Storage Act (KSpG),Law,2012,5
de-11219,DE,Law for the expansion of renewable energies (Renewable Energy Sources Act - EEG 2017),Law,2014,2
de-11657,DE,Law for the expansion of renewable energies (Renewable Energy Sources Act - EEG 2021),Law,2014,2
de-10592,DE,National Energy Efficiency Action Plan (NEEAP),Policy,2014,3
de-10289,DE,Law on privileging the use of electric vehicles (Electromobility Act - EmoG),Law,2015,7
de-12453,DE,Law on the development and promotion of wind energy at sea (Windergie-on-Seee Act-Windseeg),Law,2016,2
de-10622,DE,Prohibition and minimisation of the risks of fracking technology,Law,2016,5
de-10678,DE,Law for the digitisation of the energy transition,Law,2016,9
de-11573,DE,Climate Action Plan 2050,Policy,2016,1
de-12757,DE,"Law for the conservation, modernisation and expansion of cogeneration",Law,2016,2
de-12451,DE,Law on the development and promotion of wind energy at sea (Windergie-on-Seee Act-Windseeg),Law,2017,2
de-12635,DE,Offshore Wind Energy Act (WindSeeG 2017),Law,2017,2
de-12297,DE,Federal Climate Change Act,Law,2019,7
de-12207,DE,Federal Law Gazette Part I No. 48,Law,2019,7
de-10302,DE,Integrated National Energy and Climate Plan,Policy,2019,6
de-12225,DE,Law on a national certificate trade for fuel emissions,Law,2019,7
de-11313,DE,Design of a first law to change the fuel emission trade law,Law,2020,7
de-introduction-to-the-templates-transferre,DE,Introduction to the templates transferred to the committees in accordance with Section 80 (3) and Section 92 of the Procedures,Law,2020,7
de-law-on-the-reduction-and-termination-of-,DE,Law on the reduction and termination of coal-fired power generation and the amendment of further laws (Kohleausstiegsgesetz),Law,2020,2
de-10804,DE,National Hydrogen Strategy (NWS),Policy,2020,11
de-11945,DE,Climate Change Act 2021,Law,2021,7
de-11853,DE,Reading of the Federal Climate Protection Act 2021,Law,2021,7
gr-law-no-2244-1994-on-the-regulation-of-po,GR,Law no. 2244/1994 on the Regulation of power generation issues from renewable energy sources and conventional fuels and other provisions,Law,1994,2
gr-second-national-climate-change-programme,GR,"Second National Climate Change Programme (approved by Act of the Ministerial Council 5/27.02.2003, amended in 2007)",Policy,2003,1
gr-10173,GR,Law 3299/04 on Private Investment Incentives for Economic Development and Regional Convergence,Law,2004,2
gr-10624,GR,Law 3423/2005 on Introducing Biofuels and other Renewable Fuels to the Greek Market,Law,2005,2
gr-law-l3468-2006-on-the-generation-of-elec,GR,Law L3468/2006 on the Generation of electricity from renewable energy sources and through high-efficiency co-generation of electricity and heat and miscellaneous provisions,Law,2006,2
gr-10758,GR,Law 3661/2008 on Measures to reduce energy consumption in buildings and other provisions,Law,2008,3
gr-law-3831-2010-on-revision-of-the-vehicle,GR,"Law 3831/2010 on 'Revision of the vehicle taxes regime for vehicles, abolishment of the vehicles recycling measures (scrappage scheme) and measures for tackling atmospheric pollution'",Law,2010,5
gr-law-3851-2010-on-accelerating-the-develo,GR,"Law 3851/2010 on 'Accelerating the development of Renewable Energy Sources to address climate change and other provisions on jurisdiction of the Ministry of Environment, Energy and Climate Change'",Law,2010,3
gr-law-3855-2010-on-measures-to-improve-ene,GR,"Law 3855/2010 on 'Measures to improve energy efficiency in end?use, energy services and other provisions'",Law,2010,2
gr-law-3889-2010-financing-environmental-in,GR,"Law 3889/2010 Financing Environmental Interventions, Green Fund, Ratification of Forest Maps and other provisions",Law,2010,3
gr-law-4001-2011-on-the-operation-of-electr,GR,"Law 4001/2011 on the Operation of Electricity and Gas Energy Markets, for Exploration, Production and Transmission Networks of Hydrocarbons and other provisions",Law,2011,2
gr--,GR,Νεο Καθεστως Στηριξης Των Σταθμων Παραγωγης Ηλεκτρικης Ενεργειας Απο Ανανεωσιμες Πηγες Ενεργειας Και Συμπαραγωγη Ηλεκτρισμου Και Θερμοτητας Υψηλης Αποδοσης,Law,2012,2
gr-ministerial-decision-21906-on-the-compen,GR,Ministerial Decision (21906) on the Compensation to those carbon intensive industries (sectors and sub-sectors) exposed to carbon leakage caused by the indirect costs of the EU Emissions Trading Scheme (as defined in the Directive 2009/29/EC),Law,2014,5
gr-11610,GR,Government Journal Of Greek Democration,Law,2016,2
gr-11970,GR,National Climate Change Adaptation Strategy,Policy,2016,0
gr-11888,GR,National Strategy For Accessible Climate Change,Policy,2016,0
gr-10380,GR,National Circular Economy Strategy,Policy,2018,8
gr-10316,GR,National Energy and Climate Plan,Policy,2019,6
gr-law-4643-2019-on-energy-market-liberalis,GR,"Law 4643/2019 on Energy market liberalisation, PPC modernisation, DEPA privatisation and RES support and other provisions",Law,2019,11
gr-12472,GR,Law 4685/2020-Government Gazette 92/A/7-5-2020 (coded),Law,2020,2
gr-12090,GR,Legislation Project,Law,2020,2
gr-10360,GR,National Plan for E-mobility,Policy,2020,11
gr-law-4759-2020-on-the-modernisation-of-sp,GR,Law 4759/2020 on the Modernisation of Spatial and Urban Planning Legislation and other provisions,Law,2020,9
hu-11434,HU,Act LXXIV on disaster protection,Law,1999,10
hu-10776,HU,National Climate Change Strategy,Law,2008,0
hu-10623,HU,National Climate Change Strategy 2008-2025,Law,2008,0
hu-10633,HU,Governmental Decree No.2019 of 2008 adopting the National Energy Efficiency Action Plan,Policy,2008,3
hu-10902,HU,Act No.86 of 2011 on Electricity (Electricity Act),Law,2011,2
hu-act-no-117-of-2010-concerning-the-promot,HU,Act no. 117 of 2010 concerning the promotion of the use of renewable energy for transport and the greenhouse effect reduction of energy used for transport purposes (Biofuels Act),Law,2011,4
hu-act-no-clxviii-on-handling-weather-relat,HU,Act No. CLXVIII on handling weather-related and other natural risks affecting agricultural production,Law,2011,10
hu-11842,HU,Act No. CXXVIII concerning disaster management and amending certain related acts,Law,2011,10
hu-10394,HU,National Energy Strategy 2030,Policy,2012,1
hu-11841,HU,Act No. LVII concerning energy efficiency,Law,2015,3
hu-10364,HU,National Building Energy Strategy 2015 - 2020,Policy,2015,3
hu-10317,HU,National Energy and Climate Plan,Policy,2019,6
hu-12357,HU,Hungary's National Hydrogen Strategy,Policy,2021,5
hu-10398,HU,Hungary’S National Hydrogen Strategy,Policy,2021,5
ie-12712,IE,"Coast Protection Act, 1963",Law,1963,10
ie-12730,IE,"Finance Act, 1992",Law,1992,7
ie-11013,IE,"Electricity Regulation Act, Number 23 of 1999",Law,1999,2
ie-11020,IE,"Motor Vehicles (Duties and Licences) Act, 2001",Law,2001,5
ie-12717,IE,Sustainable Energy Act Number 2 of 2002,Law,2002,3
ie-energy-white-papers-on-delivering-a-sust,IE,Energy White Papers on 'Delivering a Sustainable Energy Future for Ireland? : The Energy Policy Framework 2007-2020',Policy,2007,2
ie-12818,IE,"Carbon Fund Act 2007, Number 12 of 2007",Law,2007,5
ie-11016,IE,Smarter Travel - A Sustainable Transport Future: A New Transport Policy for Ireland 2009-2020,Policy,2009,5
ie-energy-biofuel-obligation-and-miscellane,IE,Energy (Biofuel Obligation and Miscellaneous Provisions) Act 2010 (No. 11 of 2010) of the National Oil Reserves Agency Act 2007 (No.7 of 2007),Law,2010,4
ie-12711,IE,"Energy (Miscellaneous Provisions) Act 2012, Number 3 of 2012",Law,2012,2
ie-12627,IE,Finance Act 2013,Law,2013,7
ie-11868,IE,Motor Vehicles (Duties and Licences) Act 2013,Law,2013,5
ie-11004,IE,Offshore Renewable Energy Development Plan,Policy,2014,2
ie-11009,IE,Climate Action and Low Carbon Development Act 2015,Law,2015,8
ie-12332,IE,Prohibition of Exploration and Extraction of Onshore Petroleum Bill 2016,Law,2016,9
ie-10276,IE,Resolution approving the establishment of the Citizens' Assembly,Law,2016,8
ie-petroleum-and-other-minerals-development,IE,Petroleum and Other Minerals Development (Prohibition of Onshore Hydraulic Fracturing) Act 2017,Law,2017,9
ie-12553,IE,National Mitigation Plan,Policy,2017,1
ie-11850,IE,National Development Plan 2018-2027,Policy,2018,1
ie-11017,IE,National Adaptation Framework,Policy,2018,0
ie-12846,IE,Fossil Fuel Divestment Act 2018,Law,2018,5
ie-10255,IE,Climate Action Plan,Policy,2019,8
ie-10315,IE,Ireland's National Energy and Climate Plan,Policy,2020,6
ie-11543,IE,July Jobs Stimulus,Policy,2020,1
ie-10741,IE,National Home Retrofit Scheme 2020 (One Stop Shop Development Call),Policy,2020,11
ie-12411,IE,Climate Action and Low Carbon Development (Amendment) Bill 2021,Law,2021,8
ie-government-approves-landmark-climate-bil,IE,Government approves landmark Climate Bill putting Ireland on the path to net-zero emissions by 2050,Law,2021,8
it-11422,IT,Act No. 225 establishment of the National Civil Protection Service,Law,1992,10
it-law-of-23-december-2000-n-388-provisions,IT,"Law of 23 December 2000, n. 388 ""Provisions for the formation of the annual and multi -year budget of the State (financial law 2001)""",Law,2000,1
it-10855,IT,National Plan for Biofuels and Biomass (CIPE resolutions: 15/02/2000 ),Policy,2000,1
it-12691,IT,Fund for GHG emissions reduction and energy efficiency (Finance Law 2001),Law,2000,5
it-utility-targets-for-increasing-energy-ef,IT,Utility targets for increasing energy efficiency/introduction of white certificates (Ministerial Decree),Policy,2001,2
it-cipe-resolution-december-19-2002-n-123-2,IT,"CIPE resolution December 19, 2002, n. 123/2002 review of the guidelines for national policies and measures to reduce greenhouse gas emissions (law n. 120/2002)",Policy,2002,8
it-11442,IT,Introduction of the Green Certificates System,Policy,2002,3
it-l-23-august-2004-n-239-reorganization-of,IT,"L. 23 August 2004, n. 239 reorganization of the energy sector, as well as delegation to the government for the reorganization of the provisions in force on energy",Law,2004,9
it-law-23-august-2004-n-239-reorganization-,IT,"Law 23 August 2004, n. 239 reorganization of the energy sector, as well as delegation to the government for the reorganization of the provisions in force on energy",Law,2004,9
it-12816,IT,Biofuel (Decree no. 128/2005 and Ministerial Decree of 13-dec-17),Policy,2005,5
it-10856,IT,White Certificate Trading for End-Use Energy Efficiency,Policy,2005,2
it-law-27-december-2006-n-296-provisions-fo,IT,"Law 27 December 2006, n. 296 ""Provisions for the formation of the annual and multi -year budget of the State (financial law 2007)""",Law,2006,1
it-criteria-and-methods-to-encourage-the-pr,IT,"Criteria and methods to encourage the production of electricity by photovoltaic conversion of the sun source, in implementation of article 7 of Legislative Decree 29 December 2003, n. 387.",Policy,2007,3
it-law-29-november-2007-n-222-conversion-in,IT,"Law 29 November 2007, n. 222 ""conversion into law, with modifications, of the decree-law 1 October 2007, n. 159, containing urgent interventions in economic-financial matters, for development and social equity""",Law,2007,7
it-resolution-11-december-2007-update-of-th,IT,"Resolution 11 December 2007 Update of the CIPE resolution no. 123/2002 containing ""revision of the guidelines for national policies and measures to reduce gas-southern emissions"". (Resolution no. 135/2007).",Policy,2007,8
it-12885,IT,Climate Change Action Plan (CIPE Deliberation No. 135/2007),Policy,2007,2
it-decree-18-december-2008-incentive-of-the,IT,"Decree 18 December 2008 Incentive of the production of electricity from renewable sources, pursuant to article 2, paragraph 150, of the law of 24 December 2007, n. 244.",Law,2008,7
it-provisions-for-the-formation-of-the-annu,IT,Provisions for the formation of the annual and multi -year budget of the State (2008 Financial Law),Law,2008,7
it-law-23-july-2009-n-99-provisions-for-the,IT,"Law 23 July 2009, n. 99 ""Provisions for the development and internationalization of businesses, as well as on energy""",Law,2009,7
it-law-of-23-december-2009-n-191-provisions,IT,"Law of 23 December 2009, n. 191. Provisions for the formation of the annual and multi -year budget of the state (financial law 2010)",Law,2009,1
it-11278,IT,Law concerning anti-crisis measures: energy provisions (Law no. 102),Law,2009,2
it-11203,IT,Cleaner vehicle purchase incentives (Decree Law No. 5 of 2009),Law,2009,7
it-11206,IT,Special fund to support the implementation of energy efficiency targets (Decree Law no. 40),Policy,2010,3
it-2010-and-2019-finance-laws-on-energy-eff,IT,2010 and 2019 Finance Laws on Energy efficient buildings and biofuel standards and on incentives for biogas,Law,2010,3
it-11903,IT,Italy's National Energy Strategy: For a more competitive and sustainable energy,Policy,2013,1
it-11106,IT,National energy strategy: for a more competitive and sustainable energy,Policy,2013,1
it-law-no-116-ratifying-with-amendments-the,IT,"Law no. 116, ratifying with amendments the Law Decree no. 91 of 24 June 2014 on 'Urgent provisions for the agricultural sector, environment, company development and, inter alia, reduction of energy bills'",Law,2014,7
it-10799,IT,Law Decree no. 145/20131 (the 'Destinazione Italia Decree'),Law,2014,3
it-law-27-december-2017-n-205-state-forecas,IT,"Law 27 December 2017, n. 205 State forecast budget for the 2018 financial year and multi-year budget for the three-year period 2018-2020. (17G00222)",Law,2017,1
it-10294,IT,Integrated National Energy And Climate Plan,Policy,2019,6
it-10671,IT,Integrated national plan for energy and climate,Policy,2019,6
it-10272,IT,Law No. 37/ May 2019,Law,2019,9
it-12216,IT,FER1 Decree to incentivise the production of energy from renewable sources,Policy,2019,11
it-10264,IT,Decree-Law No. 111/2019,Law,2019,5
it-decree-law-19-may-2020-n-34-urgent-measu,IT,"Decree-law 19 May 2020, n. 34.: Urgent measures on health, support for work and economy, as well as social policies connected to the epidemiological emergency by Covid-19",Law,2020,11
it-decree-law-containing-urgent-measures-on,IT,"Decree-law containing urgent measures on health, support for work and economy, as well as social policies, connected to the epidemiological emergency by Covid-19",Law,2020,11
lv-11752,LV,Latvia's Strategic Development Plan 2010-2013,Policy,2010,1
lv-11644,LV,Sustainable Development Strategy for Latvia until 2030,Policy,2010,5
lv-11960,LV,Latvian National Development Plan 2014-2020,Policy,2014,1
lv-12447,LV,Latvia's strategy to achieve climate by 2050 by 2050,Policy,2019,1
lv-10670,LV,Latvia's National Energy and Climate Plan 2021-2030,Policy,2021,6
lv-12324,LV,Latvia’S National Energy And Climate Plan 2021–2030,Policy,2021,6
lt-11954,LT,Resolution Approving The National Strategy For Climate Change Management Policy,Policy,2012,1
lt-11759,LT,Resolution on Approval of National Climate Change Management Policy Strategy,Policy,2012,1
lt-11224,LT,National Forest Sector Development Programme for 2012-2020,Policy,2012,5
lt-12255,LT,The DNA of the Future Economy plan,Policy,2020,8
lt-12409,LT,National Action Plan of Energy and Climate of the Republic of Lithuania 2021-2030,Policy,2021,6
lt-10312,LT,National Energy And Climate Action Plan Of The Republic Of Lithuania For 2021-2030,Policy,2021,6
lu-12503,LU,Law instituting the fund for the protection of the environment,Law,1999,0
lu-10213,LU,Action Plan towards the reduction of greenhouse gases emissions,Policy,2006,1
lu-law-of-august-27-2012-a-relating-to-the-,LU,"Law of August 27, 2012 a) relating to the geological storage of carbon dioxide b) modifying the modified law of December 19, 2008 relating to water C) modifying the law of April 20, 2009 relating to environmental responsibility.",Law,2012,4
lu-law-of-september-13-2012-bearing-1-creat,LU,"Law of September 13, 2012 bearing 1. Creation of a climate pact with municipalities 2. Modification of the modified law of May 31, 1999 relating to an environmental protection fund.",Law,2012,11
lu-12454,LU,Legislation collection: geological storage of carbon dioxide,Law,2012,4
lu-law-of-june-19-2015-modifying-the-modifi,LU,"Law of June 19, 2015 modifying the modified law of August 1, 2007 relating to the organization of the natural gas market.",Law,2015,2
lu-legislation-collection-law-of-june-19-20,LU,"Legislation collection: Law of June 19, 2015 modifying the modified law of August 1, 2007 relating to the organization of the natural gas market",Law,2015,2
lu-12220,LU,Law on the electricity market,Law,2015,2
lu-12463,LU,"Law of December 23, 2016 relating to an aid for climate loans",Law,2016,3
lu-law-of-march-29-2016-modifying-the-law-o,LU,"Law of March 29, 2016 modifying the law of September 13, 2012 creating a climate pact with the municipalities.",Law,2016,11
lu-12141,LU,Legislation collection: Climate bank package and sustainable housing,Law,2016,3
lu-10214,LU,Law supporting sustainable development in rural areas,Law,2016,0
lu-law-of-december-15-2017-concerning-the-b,LU,"Law of December 15, 2017 concerning the budget for state revenue and expenditure for the 2018 financial year and amending",Law,2017,7
lu-10223,LU,Agenda 2030 national report (on sustainable development),Policy,2017,1
lu-12352,LU,Integrated National Energy and Climate Plan Luxembourg for the period 2021-2030,Policy,2018,6
lu-11285,LU,Integrated national plan in terms of Luxembourg energy and climate for the period 2021-2030,Policy,2018,6
lu-10307,LU,Luxembourg’S Integrated National Energy And Climate Plan For 2021-2030,Policy,2018,6
lu-12127,LU,Strategy and action plan for adaptation to climate change in Luxembourg 2018-2023,Policy,2018,0
lu-10901,LU,Law of 17 April 2018 on territory planning,Law,2018,1
lu-12346,LU,New bicycle premium: exceptional boost for soft mobility,Policy,2020,11
lu-presentation-of-the-first-clever-living-,LU,"Presentation of the first “Clever Living” part of the package “Green relaunch for Luxembourg - a plus for the climate, skills and citizens”",Policy,2020,11
lu-10329,LU,Sustainability Bond Framework,Policy,2020,8
mt-11793,MT,"Motor Vehicles Registration Tax (Amendment) Act, 2009",Law,2009,7
mt-10208,MT,National Environment Policy,Policy,2012,1
mt-12657,MT,National Strategy for the introduction of electric mobility in Malta and Gozo,Policy,2012,5
mt-11803,MT,National Transport Strategy 2050,Policy,2014,5
mt-12313,MT,Climate Action Act,Law,2015,0
mt-10310,MT,Malta’s 2030 National Energy and Climate Plan,Policy,2019,6
mt-10632,MT,National Climate Change Adaptation Strategy,Policy,2019,0
nl-10544,NL,Energy Investment Tax Deduction Scheme (WEM),Policy,1997,7
nl-11245,NL,Electricity Act 1998,Law,1998,9
nl-11268,NL,Environmental Management Act,Law,2004,5
nl-11761,NL,Heat Act,Law,2009,2
nl-12666,NL,Crisis and Recovery Act,Law,2010,3
nl-10797,NL,Energy Report Transition to sustainable energy,Policy,2011,2
nl-11083,NL,Delta Act on Water Safety and Fresh Water Supply (Delta Act),Law,2012,0
nl-10853,NL,"Climate Agenda: resilient, prosperous and green",Policy,2013,0
nl-10265,NL,Energy agreement for sustainable growth,Policy,2013,9
nl-10980,NL,Energy Agreement,Policy,2014,9
nl-12162,NL,National regulation on subsidies,Policy,2014,2
nl-10687,NL,National Climate Adaptation Strategy,Policy,2016,0
nl-10868,NL,Energy Agenda: Towards a Low-Carbon Energy Supply,Policy,2017,5
nl-10810,NL,National Energy Efficiency Action Plan,Policy,2017,2
nl-11899,NL,Amendment of the Electricity Act 1998 and of The Gas Act (Progress Energy Transition),Law,2018,9
nl-12163,NL,Climate Act,Law,2019,2
nl-10262,NL,Climate Act adopted by the Senate,Law,2019,2
nl-12390,NL,Integral Energy and Climate Plan,Policy,2019,6
nl-12523,NL,Integrated National Energy and Climate Plan,Policy,2019,6
nl-10396,NL,Long term strategy on climate mitigation,Policy,2019,8
nl-12160,NL,Law prohibiting coal in electricity production,Law,2019,9
nl-12161,NL,Urgent Nitrogen Approach Act,Law,2019,5
nl-11939,NL,Cabinet Vision on Hydrogen,Policy,2020,11
nl-11537,NL,Government Strategy on Hydrogen,Policy,2020,11
nl-12518,NL,Laws of environmental Conservation,Law,2020,5
nl-12371,NL,Climate Act,Law,2022,2
pl-11923,PL,Energy Law,Law,1997,2
pl-12728,PL,Act on Biocomponents and Liquid Biofules,Law,2006,1
pl-10950,PL,Energy Policy of Poland until 2030,Policy,2009,1
pl-11859,PL,Poland's energy policy until 2030,Policy,2009,1
pl-regulation-of-the-council-of-ministers-o,PL,Regulation of the Council of Ministers on types of programmes and projects to be implemented under the National Green Investment Scheme (GIS),Law,2009,1
pl-12715,PL,Act on the System to Manage the Emissions of Greenhouse Gases and Other Substances,Law,2009,5
pl-11862,PL,Polish National Strategy for Adaptation to Climate Change (NAS 2020),Policy,2013,0
pl-12604,PL,Strategic adaptation plan for sectors and areas sensitive to climate change until 2020,Policy,2013,0
pl-10549,PL,Strategy for Energy Security and Environment (ESE),Policy,2014,1
pl-11201,PL,Act on renewable energy sources,Law,2015,2
pl-10220,PL,Act on Wind Power Plant Investments,Law,2016,7
pl-12455,PL,Law on power market,Law,2017,2
pl-12641,PL,ENERGY POLICY OF POLAND UNTIL 2040 (draft),Policy,2018,1
pl-11541,PL,Electromobility Development Plan in Poland,Policy,2018,11
pl-10347,PL,Law 317/2018 on electromobility and alternative fuels,Law,2018,5
pl-11276,PL,Act on the Promotion of Electricity from High-Efficiency Cogeneration,Law,2018,2
pl-12211,PL,Act amending the Act on personal income tax and the Corporate Income Tax Act,Law,2019,7
pl-12363,PL,National Plan for Energy and Climate for 2021-2030,Policy,2019,6
pl-12351,PL,Act of 17 December 2020 on the promotion of electricity production in marine wind farms,Law,2020,2
pl-10426,PL,Act on the promotion of electricity production in marine wind farms,Law,2020,2
pl-executive-summary-of-poland-s-national-e,PL,Executive Summary Of Poland’S National Energy And Climate Plan For The Years 2021-2030 (Necp Pl),Policy,2021,6
pl-12407,PL,Government draft act amending the Act on renewable energy sources and some other acts,Law,2021,2
pl-10523,PL,Poland’s recovery and resilience plan,Policy,2021,8
pt-11474,PT,Law No. 93/2001 establishing procedures in order to prevent climatic changes and their effects,Law,2000,8
pt-10287,PT,Decree-Law No. 33-A/2005,Policy,2005,7
pt-resolution-of-council-of-ministers-68-20,PT,"Resolution of Council of Ministers 68/2005, establishes the National System for the Estimation of Emissions by Sources and Removals by Sinks and Air Pollutants (SNIERPA)",Policy,2005,8
pt-11484,PT,Law no. 27/2006 on civil protection,Law,2006,10
pt-10971,PT,Decree-Law 71/2006 on the Portuguese Carbon Fund,Policy,2006,5
pt-12128,PT,Decree-Law No. 225/2007,Policy,2007,7
pt-12099,PT,Decree-Law No. 23/2010,Policy,2010,9
pt-10960,PT,Resolution of the Council of Ministers No. 92/2010 & No. 93/2010,Policy,2010,8
pt-12864,PT,"Decree-Law 39/2010 on electric mobility, last amended by Decree-Law 90/2014",Policy,2010,11
pt-12932,PT,Decree-Law 60/2012 on carbon capture and storage,Policy,2012,4
pt-10943,PT,Decree-Law 56/2012 on the Portuguese Environment Agency (APA I.P),Policy,2012,8
pt-ordinance-65-2014-approving-the-regulati,PT,"Ordinance 65/2014 approving the Regulations for crop insurance and loss compensation, integrated into the Integrated System of Protection against adverse climate events",Policy,2014,0
pt-11473,PT,Law No. 82 D/2014 establishing a set of green fiscal rules,Law,2014,7
pt-10714,PT,Decree of the President of the Republic No. 87/2015,Policy,2015,0
pt-12179,PT,Decree-Law No. 68-A/2015,Policy,2015,9
pt-resolution-of-the-council-of-ministers-n,PT,"Resolution of the Council of Ministers No. 56/2015, of July 30: Approves the strategic framework for climate policy, the National Program for Climate Change and the National Strategy for Adaptation to Climate Change, determines the reduction values ​​of emissions of greenhouse gases for 2020 and 2030 and creates the Interministerial Commission of Air and Climate Change",Policy,2015,8
pt-12131,PT,Law 54/2015 on the exploration and use of geological resources,Law,2015,5
pt-12571,PT,Decree-Law No. 64/2017 of June 12,Policy,2017,9
pt-decree-law-establishes-the-sustainabilit,PT,Decree-Law: Establishes the sustainability criteria for the production and use of biofuels and bioliquids and defines the boundaries of mandatory biofuels for the years 2011 to 2020,Policy,2018,9
pt-11340,PT,Decree-Law no. 4/2018 on incentives to electric mobility,Policy,2018,11
pt-decree-law-no-120-2019-amends-the-specia,PT,Decree-Law No. 120/2019: Amends the special and extraordinary regime for the installation and exploitation of new biomass appreciation centers,Policy,2019,9
pt-12135,PT,Decree-Law No. 85/2019,Policy,2019,1
pt-10301,PT,National Energy And Climate Plan 2021-2030,Policy,2019,6
pt-12522,PT,National Plan Energy and Climate 2021-2030,Policy,2019,6
pt-11672,PT,Decree-law 76/2019 on the legal regime applicable to electricity activities,Policy,2019,4
pt-12155,PT,National Strategy for Adaptation to Climate Change,Policy,2020,8
pt-resolution-of-the-council-of-ministers-n,PT,"Resolution of the Council of Ministers No. 53/2020, of July 10: Approves the National Plan Energy and Climate 2030",Policy,2020,8
pt-12175,PT,Decree-law n 12/2020,Policy,2020,7
pt-11530,PT,National Hydrogen Strategy,Policy,2020,2
pt-decree-law-updates-the-goals-of-incorpor,PT,Decree-Law: Updates the goals of incorporation of biofuels in fuel for consumption in the national territory to 2021,Policy,2021,9
pt-11601,PT,Framework climate law no 98/2021,Law,2021,8
ro-law-on-the-use-of-nuclear-energy-for-exc,RO,Law on the use of nuclear energy for exclusively peaceful purposes 321/2003 that approved the Government Ordinance no. 7/2003,Law,2003,9
ro-10967,RO,"Government Urgency Ordinance on the Environmental Fund, 196/ 2005",Policy,2005,8
ro-10958,RO,Law for energy performance of buildings 372/2005,Law,2007,3
ro-law-no-220-of-october-27-2008-republishe,RO,"Law no. 220 of October 27, 2008 (republished) for establishing the system of promoting energy from renewable energy sources",Law,2008,9
ro-the-law-for-establishing-the-system-of-p,RO,The law for establishing the system of promoting energy production from renewable energy sources,Law,2008,9
ro-decision-no-935-of-21-09-2011-regarding-,RO,Decision no. 935 of 21/09/2011 regarding the promotion of the use of biocurients and biolichids,Policy,2011,4
ro-law-approving-government-emergency-ordin,RO,"Law approving Government Emergency Ordinance no. 18/2009 on increasing the energy efficiency of residential buildings, 158/2011",Law,2011,3
ro-decision-no-918-of-september-5-2012-for-,RO,"Decision no. 918 of September 5, 2012 for amending and completing the Government Decision no. 935/2011 regarding the promotion of the use of biofurant and biolichids",Policy,2012,4
ro-10970,RO,"Law no. 123 of July 10, 2012 of electricity and natural gas",Law,2012,2
ro-decision-no-529-2013-for-the-approval-of,RO,"Decision no. 529/2013 for the approval of the National Strategy of Romania on climate change, 2013-2020",Policy,2013,0
ro-10954,RO,Law on industrial emissions 278/2013,Law,2013,5
ro-government-urgency-ordinance-regarding-t,RO,"Government Urgency Ordinance regarding the tax on polluting emissions from motor vehicles, 9/2013",Law,2013,7
ro-10945,RO,Law for amending and completing Law no. 121/2014 on energy efficiency,Law,2014,4
ro-11866,RO,Law no. 121/2014 on energy efficiency,Law,2014,4
ro-government-decision-on-the-reorganizatio,RO,Government Decision on the reorganization of the National Commission on Climate Change (NCCC) 1026/ 2014,Policy,2014,8
ro-strategy-for-mobilising-investments-in-t,RO,"Strategy for mobilising investments in the renovation of residential and commercial buildings existing at national level, both public and private",Policy,2017,3
ro-10582,RO,law 117/2019 amending law 50/1991 on construction work,Law,2019,9
ro-law-no-155-of-july-24-2020-for-the-modif,RO,"Law no. 155 of July 24, 2020 for the modification and completion of the Law on electricity and natural gas no. 123/2012 and regarding the modification and completion of other normative acts",Law,2020,2
ro-12382,RO,National Plan Integrated in Energy and Climate Change 2021-2030,Policy,2020,6
ro-12319,RO,The 2021-2030 Integrated National Energy and Climate Plan,Policy,2020,6
sk-national-sustainable-development-strateg,SK,"National Sustainable Development Strategy of the Slovak Republic, Resolution of the National Council of the Slovak Republic No. 1989/2001",Policy,2001,1
sk-11348,SK,Act. No. 587/2004 Coll. on Environmental Fund,Law,2005,1
sk-12579,SK,Act No 555/2005 Coll. on Energy efficiency certification of buildings,Law,2006,3
sk-10782,SK,"Act. 609/2007 on Excise tax from electricity, coal and natural gas",Law,2007,7
sk-act-no-476-2008-on-energy-efficiency-and,SK,Act No. 476/2008 on Energy Efficiency and on the amendment of Act 555/2005 on energy efficiency of buildings and on changes and amendments of certain acts,Law,2008,3
sk-energy-security-strategy-of-the-slovak-r,SK,"Energy Security Strategy of the Slovak Republic, Resolution of the Government No. 732/2008 Coll.",Policy,2008,2
sk-renewable-energy-act-act-309-2009-on-pro,SK,Renewable Energy Act (Act 309/2009 on Promotion of Renewable Energy Sources and High-efficiency Cogeneration and on amendments to certain acts),Law,2009,2
sk-establishment-of-sustainability-criteria,SK,"Establishment of sustainability criteria and targets to reduce greenhouse gas emissions from fuels, Decree of Ministry of Environment No. 271/2011 Coll.",Policy,2011,4
sk-creation-of-the-high-level-committee-for,SK,"Creation of the High Level Committee for Co-ordination of Climate Change Policy (Coordination Committee), Resolution of the Slovak Government No. 821/2011",Policy,2011,8
sk-act-no-373-2012-coll-on-emergency-stocks,SK,Act No. 373/2012 Coll. on emergency stocks of oil and oil products and amending the Act on the promotion of renewable energy sources and high efficiency cogeneration,Law,2012,4
sk-10230,SK,Act No. 250/2012 on regulation of network industries as amended,Law,2012,2
sk-10940,SK,Act No. 251/2012 Coll. on Energy and on change of certain acts,Law,2012,4
sk-10956,SK,Act No. 314/2012 Coll. on regular inspection of heating systems and air conditioning systems,Law,2012,2
sk-10186,SK,Act No. 414/2012 Coll. on Emission Trading,Law,2012,4
sk-decree-of-the-ministry-of-environment-no,SK,Decree of the Ministry of Environment No. 231/2013 Coll. on the National Emissions Inventory System and on technical-operational parameters,Policy,2013,5
sk-introduction-of-smart-meters-and-distrib,SK,"Introduction of smart meters and distribution networks, Decree of the Ministry of agriculture No. 358/2013 Coll.",Policy,2013,9
sk-strategy-of-adaptation-of-the-slovak-rep,SK,Strategy of adaptation of the Slovak Republic to the unfavorable consequences of climate change,Policy,2014,0
sk-12529,SK,Integrated National Energy and Climate Plan for 2021 - 2030,Policy,2019,6
sk-10311,SK,Integrated National Energy and Climate Plan for 2021 to 2030,Policy,2019,6
sk-10427,SK,Greener Slovakia - Strategy of the Environmental Policy of the Slovak Republic until 2030,Policy,2019,8
sk-10392,SK,Low-Carbon Development Strategy of the Slovak Republic until 2030 with a View to 2050,Policy,2020,8
si-11042,SI,Energy act,Law,2005,11
si-11310,SI,Environmental Protection Act,Law,2006,4
si-11140,SI,National Forest Program,Policy,2007,5
si-11302,SI,Regulation on Forest Protection,Policy,2009,0
si-11790,SI,Strategy of adaptation of the Slovenian agriculture and forestry sectors to climate change,Policy,2010,0
si-11909,SI,Energy act,Law,2014,11
si-10911,SI,Strategic framework for climate change adaptation,Policy,2016,0
si-12519,SI,Comprehensive National Energy and Climate Plan of the Republic of Slovenia,Policy,2020,6
si-10306,SI,Integrated National Energy And Climate Plan Of The Republic Of Slovenia,Policy,2020,6
es-12197,ES,"Royal Decree 177/1998, of February 16, which creates the National Climate Council.",Policy,1998,5
es-10809,ES,"Law 34/1998, on the hydrocarbons sector",Law,1998,4
es-royal-decree-1188-2001-of-november-2-whi,ES,"Royal Decree 1188/2001, of November 2, which regulates the composition and functions of the National Climate Council.",Policy,2001,5
es-12699,ES,Spanish Forest Plan,Policy,2002,5
es-10219,ES,"Law 1/2005, of March 9, which regulates the regime of the trade of greenhouse gases emission.",Law,2005,8
es-11898,ES,Real Decree 1264/2005,Law,2005,8
es-12874,ES,Real Decree 1315/2005,Law,2005,8
es-12210,ES,"Law 45/2007, of December 13, for the sustainable development of the medium",Policy,2007,0
es-12289,ES,Spanish Climate Change And Clean Energy Strategy Horizon 2007- 2012 -2020,Policy,2007,2
es-11260,ES,Spanish Climate Change Strategy and Clean Energy Horizon 2007-202020,Policy,2007,2
es-12590,ES,"Law 34/2007 on air quality and atmosphere protection, last amended by Law 11/2014",Law,2007,7
es-11844,ES,National Action Program against Desertification,Policy,2008,0
es-12888,ES,Order Arm/2444/2008,Policy,2008,0
es-royal-decree-752-2010-of-june-4-which-ap,ES,"Royal Decree 752/2010, of June 4, which approves the first sustainable rural development program for the 2010-2014 period in application of Law 45/2007, of December 13, for the sustainable development of the rural environment .",Policy,2010,0
es-10803,ES,National Renewable Energy Action Plan PANER 2011-2020,Policy,2010,2
es-10808,ES,"Royal Decree 903/2010, on the Assessment and Management of Flood Risk",Policy,2010,10
es-10197,ES,"Law 2/2011, of March 4, of Sustainable Economics",Law,2011,3
es-12611,ES,Plan for Renewable Energy in Spain PER 2011-2020,Policy,2011,2
es-royal-decree-635-2013-developing-the-pla,ES,"Royal Decree 635/2013, developing the 'Plan to Promote the Environment in the hotel sector PIMA SOL\ for the energy renovation of its installations, and regulating the further acquisition of carbon credits by the Carbon Fund for a sustainable economy",Policy,2013,3
es-royal-decree-law-2-2013-which-implements,ES,"Royal Decree Law 2/2013, which implements urgent measures in the electricity and financial sectors",Policy,2013,9
es-royal-decree-233-2013-on-energy-saving-o,ES,"Royal Decree 233/2013, on energy saving of rental housing, building restoration and urban regeneration and renovation",Policy,2013,3
es-11105,ES,"Royal Decree 238/2013, incorporates the regulation on thermal installations in buildings",Policy,2013,3
es-royal-decree-564-2017-on-the-certificati,ES,Royal Decree 564/2017 on the certification of energy efficiency in buildings (amending Royal Decree 235/2013),Policy,2013,3
es-11144,ES,Law 2/2013 on the protection and sustainable use of coastal areas,Law,2013,0
es-11139,ES,"Law 8/2013 on urban rehabilitation, regeneration and renovation",Law,2013,3
es-11123,ES,Law 24/2013 on the Electric sector,Law,2013,9
es-royal-decree-415-2014-of-june-6-which-re,ES,"Royal Decree 415/2014, of June 6, which regulates the composition and functions of the National Climate Council",Policy,2014,5
es-10778,ES,Vehicle impulse strategy with alternative energy (SEE) in Spain (2014-2020),Policy,2014,5
es-royal-decrees-no-163-2014-and-no-1-007-2,ES,"Royal Decrees No. 163/2014 and No 1.007/2015 on carbon footprint, compensation and carbon dioxide absorption",Policy,2014,4
es-royal-decree-413-2014-regulating-the-pro,ES,"Royal Decree 413/2014, regulating the production of electricity generation from renewable energy, cogeneration and waste",Policy,2014,9
es-royal-decree-525-2014-on-the-subsidizati,ES,"Royal Decree 525/2014, on the subsidization of the Incentives Programme for Efficient Vehicles (PIVE-6)",Policy,2014,4
es-12894,ES,State Official Newsletter,Law,2015,3
es-12723,ES,Royal Decree 900/2015 on Energy Self-Consumption,Policy,2015,2
es-11457,ES,Law No. 17/2015 on the National Civil Protection System,Law,2015,10
es-10418,ES,National Action Framework For Alternative Energy In Transport,Policy,2016,5
es-royal-decree-no-18-2016-flood-risk-manag,ES,"Royal Decree No. 18/2016 - Flood risk management plans of the Guadalquivir, Segura, Júcar hydrographic demarcations and the Spanish part of the Miño-Sil, Duero, Tajo, Guadiana, Ebro, Ceuta and Melilla hydrographic demarcations",Policy,2016,0
es-royal-decree-no-19-2016-flood-risk-manag,ES,Royal Decree No. 19/2016 - Flood risk management plan of the Galicia-Costa Hydrographic Demarcation,Policy,2016,0
es-royal-decree-389-2016-of-22-october-appr,ES,"Royal Decree 389/2016, of 22 October, approving the Master Plan for the Network of Natural Reserves",Policy,2016,8
es-royal-decree-no-425-2016-regulatory-basi,ES,Royal Decree No. 425/2016 - Regulatory basis for the granting of subsidies from the General State Administration to Agrarian Insurance,Policy,2016,11
es-royal-decree-617-2017-of-16-june-regulat,ES,"Royal Decree 617/2017, of 16 June, regulating the direct granting of aid for the acquisition of alternative energy vehicles, and for the implementation of charging points for electric vehicles in 2017 (Plan MOVEA 2017)",Policy,2017,5
es-royal-decree-law-no-10-2017-on-urgent-me,ES,Royal Decree-Law No. 10/2017 on urgent measures to mitigate the effects caused by drought in certain river basins,Law,2017,0
es-royal-decree-no-6-2018-creates-the-inter,ES,Royal Decree No. 6/2018 - Creates the Interministerial Commission for the incorporation of ecological criteria in public procurement,Policy,2018,8
es-10722,ES,Royal Decree-law 15/2018 on urgent measures for energy transition and consumer protection,Policy,2018,7
es-royal-decree-244-2019-regulating-the-adm,ES,"Royal Decree 244/2019 regulating the administrative, technical and economic conditions of the self-consumption of electric energy",Policy,2019,2
es-10270,ES,Royal Decree 658/2019 on environmental subsidies,Policy,2019,8
es-12209,ES,Royal decree-law 17/2019 establishing the new rate of reasonable return for renewable energy,Policy,2019,2
es-12436,ES,Integrated Energy and Climate Plan 2021-2030,Policy,2020,6
es-12517,ES,Integrated National Energy And Climate Plan 2021-2030,Policy,2020,6
es-10400,ES,Long -term decarbonization strategy 2050,Policy,2020,8
es-10343,ES,Long -term strategy for energy rehabilitation in the building sector in Spain,Policy,2020,2
es-12389,ES,National Plan for Climate Change Adaptation,Policy,2020,6
es-royal-decree-960-2020-of-november-3-whic,ES,"Royal Decree 960/2020, of November 3, which regulates the economic regime of renewable energy for electric power production facilities.",Policy,2020,7
es-the-government-approves-the-long-term-de,ES,"The Government approves the long -term decarbonization strategy, which marks the path to achieve climate neutrality at 2050",Policy,2020,8
es-12228,ES,National Climate Change Adaptation Plan 2021-2030,Policy,2020,0
es-10766,ES,Green hydrogen roadmap,Policy,2020,2
es-11090,ES,Plan to promote the value chain of the automotive industry,Policy,2020,5
es-royal-decree-law-23-2020-which-approves-,ES,Royal Decree-Law 23/2020 which approves measures in the field of energy and in other areas for economic recovery,Law,2020,9
es-10407,ES,"Spanish Strategy for Science, Technology and Innovation 2021-2027",Policy,2020,8
es-12260,ES,"Secure, Sustainable and Connected Mobility Strategy 2030",Policy,2020,5
es-12270,ES,Royal Decree 690/2021 regulating the Ecological Restoration and Resilience Fund,Policy,2021,8
es-12262,ES,Law 7/2021 on climate change and energy transition,Law,2021,8
es-12502,ES,State Bicycle Strategy,Policy,2021,5
es-12618,ES,Energy Storage Strategy,Policy,2021,2
se-11141,SE,Act 1990:582 on Carbon Tax and related regulations,Law,1991,1
se-11385,SE,Environmental Code DS2000:61,Law,1999,0
se-12772,SE,An Integrated Climate and Energy Policy,Law,2009,1
se-10814,SE,Planning and Building Act (2010: 900),Law,2010,0
se-11732,SE,Planning and Building Act (2010:900),Law,2010,0
se-regulation-on-state-subsidies-for-solar-,SE,"Regulation on State Subsidies for Solar Panels - Regulation No. 2009:689, updated/ amended by Regulation no. 2011:1473",Policy,2010,11
se-11121,SE,Government Bill (2009/2010: 172) & Government Bill (2009/2010:173) on nuclear power,Law,2011,4
se-12720,SE,Law (2011: 1200) on electricity certificates,Law,2011,9
se-10812,SE,Regulation (2011: 1480) on electricity certificates,Law,2011,9
se-amendment-to-act-concerning-energy-tax-a,SE,Amendment to Act Concerning Energy Tax (a component of the climate and energy package) within the 2013 National Budget Bill,Law,2013,7
se-10248,SE,Climate Act (2017: 720),Law,2017,0
se-10256,SE,National Strategy for Climate Adaptation,Law,2017,0
se-12264,SE,Regulation (2017: 1319) on state aid to measures that contribute to industry climate change,Policy,2017,11
se-11806,SE,The Swedish Climate Policy Framework,Policy,2017,5
se-12438,SE,The Swedish Climate Act,Law,2017,0
se-10675,SE,Sweden's integrated national energy and climate plan,Policy,2020,6
se-12263,SE,Sweden’s Integrated National Energy and Climate Plan,Policy,2020,6
se-10207,SE,Circular economy – Strategy for the transition in Sweden,Policy,2020,8
se-10404,SE,Ordinance (2020: 750) on state aid for certain environmental vehicles,Policy,2020,5
se-10784,SE,Regulatory letter for the financial year 2021 regarding appropriation 1:19 Industrial Life,Policy,2021,11
