table,item,source_org,source_title,url,year,note
sectors,steel,Eurofer,European Steel in Figures 2024,https://www.eurofer.eu/publications/brochures-booklets-and-factsheets/european-steel-in-figures-2024,2024,EU-27 crude steel production ~126 Mt (2023)
sectors,steel,Sandbag (EEA EU ETS Data Viewer / EUTL),A closer look at 2023 emissions,https://sandbag.be/2024/10/07/a-closer-look-at-2023-emissions/,2024,EU ETS 'pig iron or steel' activity ~96 Mt CO2 (2023); ~145 Mt on a value-chain basis incl. coke ovens
sectors,cement,Cembureau,Key Facts & Figures,https://www.cembureau.eu/media/00ejjcfj/key-facts-figures-publication-june-2024.pdf,2024,EU-27 cement production ~180 Mt (2023)
sectors,cement,Sandbag (EEA EU ETS Data Viewer / EUTL),A closer look at 2023 emissions,https://sandbag.be/2024/10/07/a-closer-look-at-2023-emissions/,2024,EU ETS 'cement clinker or lime' activity combined ~124 Mt CO2 (2023)
sectors,hvc,Sandbag (EU ETS / EUTL),Chemicals in the CBAM: Time to step up,https://sandbag.be/2025/11/25/chemicals-in-the-cbam-time-to-step-up/,2025,Refining + chemicals ~203 Mt CO2 = 36% of EU ETS industry (2023); HVC/steam-cracking share estimated at ~45 Mt CO2 direct
sectors,hvc,IEA,The Future of Petrochemicals,https://www.iea.org/reports/the-future-of-petrochemicals,2018,EU-27 HVC (ethylene/propylene/BTX) production order of magnitude ~40 Mt/yr
sectors,ammonia,Fertilizers Europe,Industry Facts & Figures,https://www.fertilizerseurope.com/publications/fertilizers-industry-facts-and-figures-2023-edition/,2024,EU-27 ammonia production ~16 Mt/yr
sectors,ammonia,IEA,Ammonia Technology Roadmap,https://www.iea.org/reports/ammonia-technology-roadmap,2021,Direct CO2 intensity of conventional (SMR) ammonia ~1.6-2.4 tCO2/t NH3; EU-27 direct CO2 estimated ~26 Mt/yr
sectors,aluminium,International Aluminium Institute (IAI),Primary Aluminium Production statistics,https://international-aluminium.org/statistics/,2024,EU-27 primary aluminium ~2 Mt/yr; secondary ~4-5 Mt/yr
sectors,aluminium,JRC (European Commission),Aluminium factsheet (JRC144120),https://publications.jrc.ec.europa.eu/repository/bitstream/JRC144120/Aluminium_factsheet_JRC144120.pdf,2026,Direct process CO2 (anode consumption) ~2.75 Mt CO2 (2022)
sectors,glass,FEVE (European Container Glass Federation),Statistics,https://feve.org/about-glass/statistics/,2024,EU-27 container + flat glass production ~35 Mt/yr
sectors,glass,European Commission (CINEA),How LIFE is reducing emissions from glass production,https://cinea.ec.europa.eu/news-events/news/how-life-reducing-emissions-glass-production-2022-03-16_en,2022,Whole glass sector ~22 Mt CO2 direct/yr; container+flat share estimated ~20 Mt
sectors,paper,CEPI,Key Statistics 2022 - European pulp & paper industry,https://www.cepi.org/wp-content/uploads/2023/07/2022-Key-Statistics-FINAL.pdf,2022,EU pulp & paper (board) production ~74 Mt/yr; direct fossil CO2 ~27 Mt/yr
technologies,steel_bfbof,IEA,Iron and Steel Technology Roadmap,https://www.iea.org/reports/iron-and-steel-technology-roadmap,2020,Reference BF-BOF energy/capex/direct-CO2 order of magnitude (~1.9 tCO2/t)
technologies,steel_bfbof_ccs,IEAGHG,Cost of CO2 capture in the industrial sector: cement and iron & steel industries (2018-TR03),https://ieaghg.org/publications/cost-of-co2-capture-in-the-industrial-sector-cement-and-iron-and-steel-industries/,2018,Capture-rate and capex premium for BF-BOF + CCUS
technologies,steel_ngdri_eaf,IEA,Iron and Steel Technology Roadmap,https://www.iea.org/reports/iron-and-steel-technology-roadmap,2020,NG-DRI+EAF energy use and transitional-asset characterisation
technologies,steel_h2dri_eaf,European Parliament (EPRS),Carbon-free steel production - Cost reduction options and usage of existing gas infrastructure,https://www.europarl.europa.eu/RegData/etudes/STUD/2021/690008/EPRS_STU(2021)690008_EN.pdf,2021,H2-DRI+EAF hydrogen intensity (~50-60 kg H2/t) and MAC ~EUR73-166/tCO2 by 2030
technologies,steel_h2dri_eaf,LeadIT (SEI),Green Steel Tracker,https://www.industrytransition.org/green-steel-tracker/,2026,Commercial availability timeline (first plants building now)
technologies,steel_scrap_eaf,IEA,Iron and Steel Technology Roadmap,https://www.iea.org/reports/iron-and-steel-technology-roadmap,2020,"Scrap-EAF as mature, low direct-CO2 route"
technologies,steel_scrap_eaf,Material Economics,Industrial Transformation 2050 - Pathways to Net-Zero Emissions from EU Heavy Industry,https://materialeconomics.com/sites/default/files/2024-06/material-economics-industrial-transformation-2050-executive-summary.pdf,2019,Scrap availability as the binding long-run constraint on secondary steel
technologies,cement_ref,IEA / CSI,Technology Roadmap: Low-Carbon Transition in the Cement Industry,https://www.iea.org/reports/technology-roadmap-low-carbon-transition-in-the-cement-industry,2018,Reference kiln thermal energy (~3.4 GJ/t clinker) and clinker-ratio-driven process CO2 (0.53 tCO2/t clinker x 0.77 ratio)
technologies,cement_clinkersub,"MDPI (Sustainability, peer-reviewed)",Limestone Calcined Clay Cement (LC3): From Laboratory Innovation to Sustainable Industrial Application,https://www.mdpi.com/2071-1050/18/7/3473,2026,"LC3 clinker replacement up to ~50%, ~40% CO2 cut, near-cost-neutral"
technologies,cement_ccs,IEAGHG,Cost of CO2 capture in the industrial sector: cement and iron & steel industries (2018-TR03),https://ieaghg.org/publications/cost-of-co2-capture-in-the-industrial-sector-cement-and-iron-and-steel-industries/,2018,MAC EUR30-107/tCO2 avoided; capture rate ~90% assumed for post-combustion
technologies,cement_ccs,Heidelberg Materials,World premiere: CCS cement facility opens in Norway (Brevik CCS),https://www.heidelbergmaterials.com/en/pr-2025-06-18,2025,First industrial-scale cement CCS operational since 2025; available_from calibrated to this
technologies,cement_altfuel,IEA / CSI,Technology Roadmap: Low-Carbon Transition in the Cement Industry,https://www.iea.org/reports/technology-roadmap-low-carbon-transition-in-the-cement-industry,2018,Alternative-fuel co-processing mature and widely deployed
technologies,hvc_ref,IEA,The Future of Petrochemicals,https://www.iea.org/reports/the-future-of-petrochemicals,2018,Reference steam-cracker furnace energy intensity order of magnitude
technologies,hvc_elec,BASF / SABIC / Linde,Start-up of the world's first large-scale electrically heated steam cracking furnace,https://www.basf.com/global/en/media/news-releases/2024/04/p-24-177,2024,Electric cracker demonstration; furnace CO2 cut up to ~90%
technologies,hvc_bio,IEA,The Future of Petrochemicals,https://www.iea.org/reports/the-future-of-petrochemicals,2018,Bio-naphtha as drop-in feedstock displacing fossil naphtha
technologies,hvc_ccs,IEAGHG,Cost of CO2 capture in the industrial sector: cement and iron & steel industries (2018-TR03),https://ieaghg.org/publications/cost-of-co2-capture-in-the-industrial-sector-cement-and-iron-and-steel-industries/,2018,"Industrial CCS cost/capture-rate benchmarks applied to chemicals furnaces (moderate capture, dilute flue gas)"
technologies,ammonia_smr,IEA,Ammonia Technology Roadmap,https://www.iea.org/reports/ammonia-technology-roadmap,2021,Reference SMR-Haber-Bosch natural gas intensity ~28-32 GJ/t NH3
technologies,ammonia_smr_ccs,IEA,Ammonia Technology Roadmap,https://www.iea.org/reports/ammonia-technology-roadmap,2021,Blue-ammonia (SMR/ATR+CCS) capture rate and capex premium
technologies,ammonia_h2,IEA,Ammonia Technology Roadmap - Executive Summary,https://www.iea.org/reports/ammonia-technology-roadmap/executive-summary,2021,Electrolytic-H2 ammonia MAC ~US$820/t NH3 (~US$400/t above conventional); needs power <~US$40/MWh for parity
technologies,ammonia_h2,Yara International,Yara opens renewable hydrogen plant: a major milestone,https://www.yara.com/corporate-releases/yara-opens-renewable-hydrogen-plant-a-major-milestone/,2024,First commercial green-ammonia plant (Heroya) inaugurated 2024; calibrates available_from
technologies,alu_ref,JRC (European Commission),Aluminium factsheet (JRC144120),https://publications.jrc.ec.europa.eu/repository/bitstream/JRC144120/Aluminium_factsheet_JRC144120.pdf,2026,Direct anode process CO2 ~1.4 tCO2/t primary Al implied by ~2.75 Mt / ~2 Mt production
technologies,alu_ref,International Aluminium Institute (IAI),Statistics,https://international-aluminium.org/statistics/,2024,Primary smelting electricity intensity ~14-15 MWh/t (~51 GJ/t)
technologies,alu_inert,ELYSIS,ELYSIS achieves breakthrough with commercial-size cell,https://elysis.com/en/elysis-achieves-breakthrough-with-commercial-size-cell-a-first-in-aluminium-production-using-the,2025,Full-scale 450 kA commercial-size inert-anode cell started up Nov 2025; eliminates direct process CO2
technologies,alu_sec,Material Economics,Industrial Transformation 2050 - Pathways to Net-Zero Emissions from EU Heavy Industry,https://materialeconomics.com/sites/default/files/2024-06/material-economics-industrial-transformation-2050-executive-summary.pdf,2019,Secondary aluminium uses ~5% of primary smelting energy; scrap-supply constrained
technologies,glass_ng,European Commission (CINEA),How LIFE is reducing emissions from glass production,https://cinea.ec.europa.eu/news-events/news/how-life-reducing-emissions-glass-production-2022-03-16_en,2022,Reference gas-fired melting energy ~5-7 GJ/t and process CO2 from carbonate raw materials
technologies,glass_elec,IEA,ETP Clean Energy Technology Guide (technology readiness levels),https://www.iea.org/data-and-statistics/data-tools/etp-clean-energy-technology-guide,2024,All-electric melting TRL and availability
technologies,glass_hybrid,IEA,ETP Clean Energy Technology Guide (technology readiness levels),https://www.iea.org/data-and-statistics/data-tools/etp-clean-energy-technology-guide,2024,"Large hybrid furnace TRL 6-8, emerging"
technologies,paper_ref,CEPI,Key Statistics 2022 - European pulp & paper industry,https://www.cepi.org/wp-content/uploads/2023/07/2022-Key-Statistics-FINAL.pdf,2022,Reference fossil process-heat intensity order of magnitude
technologies,paper_elec,IEA,The Future of Heat Pumps,https://www.iea.org/reports/the-future-of-heat-pumps,2022,Industrial heat-pump electrification of process heat; TRL and availability
technologies,paper_bio,IEA Bioenergy,Decarbonizing industrial process heat: the role of biomass,https://www.ieabioenergy.com/blog/publications/decarbonizing-industrial-process-heat-the-role-of-biomass/,2022,"Biomass/black-liquor process heat, commercially mature"
fuel_prices,coal,IEA,World Energy Outlook 2024,https://www.iea.org/reports/world-energy-outlook-2024,2024,"Steam coal industrial price path, central scenario order of magnitude ~EUR3/GJ"
fuel_prices,coke,IEA,World Energy Outlook 2024,https://www.iea.org/reports/world-energy-outlook-2024,2024,Metallurgical coke priced at a premium to thermal coal (~2x)
fuel_prices,natural_gas,IEA,World Energy Outlook 2024,https://www.iea.org/reports/world-energy-outlook-2024,2024,"EU industrial natural gas price path, central scenario, declining from ~EUR10/GJ (2025)"
fuel_prices,electricity,Eurostat,Electricity price statistics,https://ec.europa.eu/eurostat/statistics-explained/index.php?title=Electricity_price_statistics,2024,"EU-27 industrial electricity price ~EUR24/GJ (~EUR86/MWh) in 2025, declining as renewables share rises"
fuel_prices,hydrogen,IEA,Global Hydrogen Review 2024,https://www.iea.org/reports/global-hydrogen-review-2024,2024,Low-carbon hydrogen cost path ~EUR40/GJ (~EUR4.8/kg) in 2025 falling to ~EUR20/GJ (~EUR2.4/kg) by 2050
fuel_prices,biomass,IEA Bioenergy,Decarbonizing industrial process heat: the role of biomass,https://www.ieabioenergy.com/blog/publications/decarbonizing-industrial-process-heat-the-role-of-biomass/,2022,Solid biomass/residue fuel price order of magnitude ~EUR8/GJ
fuel_prices,oil,IEA,World Energy Outlook 2024,https://www.iea.org/reports/world-energy-outlook-2024,2024,"Industrial oil/naphtha price path, central scenario order of magnitude ~EUR14/GJ"
carbon_price,eu_ets,European Commission (DG CLIMA),2040 Climate Target,https://commission.europa.eu/topics/climate-action/eu-climate-energy-and-environmental-targets/2040-targets_en,2024,"Central EU ETS price path ~EUR80/t (2025) rising to ~EUR200/t (2040) and ~EUR250/t (2050); low/high bands constructed around this by the model team, consistent with the range of EC impact-assessment and market-forward modelling"
carbon_price,eu_ets,ICAP,EU Emissions Trading System (EU ETS),https://icapcarbonaction.com/en/ets/eu-emissions-trading-system-eu-ets,2025,Historical and current EUA price context used to anchor the 2025 starting point
emission_factors,coal,IPCC,"2006 IPCC Guidelines for National Greenhouse Gas Inventories, Vol. 2 (Energy)",https://www.ipcc-nggip.iges.or.jp/public/2006gl/vol2.html,2006,"Default combustion emission factor for coal, ~94 kgCO2/GJ"
emission_factors,coke,IPCC,"2006 IPCC Guidelines for National Greenhouse Gas Inventories, Vol. 2 (Energy)",https://www.ipcc-nggip.iges.or.jp/public/2006gl/vol2.html,2006,"Default combustion emission factor for coke oven coke, ~107 kgCO2/GJ"
emission_factors,natural_gas,IPCC,"2006 IPCC Guidelines for National Greenhouse Gas Inventories, Vol. 2 (Energy)",https://www.ipcc-nggip.iges.or.jp/public/2006gl/vol2.html,2006,"Default combustion emission factor for natural gas, ~56 kgCO2/GJ"
emission_factors,oil,IPCC,"2006 IPCC Guidelines for National Greenhouse Gas Inventories, Vol. 2 (Energy)",https://www.ipcc-nggip.iges.or.jp/public/2006gl/vol2.html,2006,"Default combustion emission factor for gas/diesel oil & naphtha, ~73 kgCO2/GJ"
emission_factors,hydrogen,IPCC AR6 WGIII,Chapter 11: Industry,https://www.ipcc.ch/report/ar6/wg3/chapter/chapter-11/,2022,Zero combustion CO2 for hydrogen; upstream emissions depend on production route (not modelled at combustion stage)
emission_factors,biomass,IPCC AR6 WGIII,Chapter 11: Industry,https://www.ipcc.ch/report/ar6/wg3/chapter/chapter-11/,2022,Biomass combustion CO2 conventionally reported as zero at point of combustion (biogenic carbon accounting); land-use/supply-chain emissions not modelled here
emission_factors,electricity,European Environment Agency (EEA),Greenhouse gas emission intensity of electricity generation (indicator),https://www.eea.europa.eu/en/analysis/indicators/greenhouse-gas-emission-intensity-of-1,2024,EU-27 grid emission factor ~0.065 tCO2/GJ (~230 gCO2/kWh) in 2025 falling to ~0.003 tCO2/GJ by 2050 as the grid decarbonises
constraints,scrap_share_max,Material Economics,Industrial Transformation 2050 - Pathways to Net-Zero Emissions from EU Heavy Industry,https://materialeconomics.com/sites/default/files/2024-06/material-economics-industrial-transformation-2050-executive-summary.pdf,2019,"Steel scrap availability rising from ~45% (2025) to ~55% (2050) of demand servable by scrap-EAF; aluminium secondary share rising ~55% to ~65%, both circularity-constrained"
constraints,biomass_pj_max,JRC (European Commission),Brief on biomass for energy in the European Union,https://publications.jrc.ec.europa.eu/repository/handle/JRC109354,2019,Sustainable biomass availability for industrial energy use constrained to an order-of-magnitude ceiling of ~300 PJ/yr across all EU-27 industry
constraints,ccs_mt_max,Global CCS Institute,Global Status of CCS report series,https://www.globalccsinstitute.com/,2024,EU CO2 transport & storage network ramp-up: ~0 Mt/yr (2025) to ~100 Mt/yr (2050) capturable across all subsectors
constraints,ccs_mt_max,Clean Air Task Force,Carbon capture and storage in Europe: slow but significant progress in 2025,https://www.catf.us/2025/11/carbon-capture-storage-europe-slow-but-significant-progress-2025/,2025,"Status of first EU CO2 storage/transport projects (Northern Lights, Porthos, Greensand) calibrating the near-term ramp"
demand,steel,Eurofer,European Steel in Figures 2024,https://www.eurofer.eu/publications/brochures-booklets-and-factsheets/european-steel-in-figures-2024,2024,Demand path assumed broadly flat-to-declining from the 2023 production base
demand,cement,Cembureau,Key Facts & Figures,https://www.cembureau.eu/media/00ejjcfj/key-facts-figures-publication-june-2024.pdf,2024,Demand path assumed broadly flat-to-declining from the 2023 production base
demand,aluminium,International Aluminium Institute (IAI),Statistics,https://international-aluminium.org/statistics/,2024,"Demand path assumed slight growth, reflecting continued electrification-driven aluminium demand"
demand,hvc,IEA,The Future of Petrochemicals,https://www.iea.org/reports/the-future-of-petrochemicals,2018,Demand path assumed slight growth
technologies,discount_rate,IPCC,"AR6 WGIII, Chapter 11: Industry",https://www.ipcc.ch/report/ar6/wg3/chapter/chapter-11/,2022,"7% social/industry discount rate and capital recovery factor approach used to annualise CAPEX, consistent with standard industrial decarbonisation cost-modelling practice"
demand,ammonia,Fertilizers Europe,Fertilizer Industry Facts and Figures 2023 edition,https://www.fertilizerseurope.com/publications/fertilizers-industry-facts-and-figures-2023-edition/,2024,Demand path assumed broadly flat-to-slightly-declining from the 2023 production base
demand,glass,FEVE (European Container Glass Federation),Statistics,https://feve.org/about-glass/statistics/,2024,Demand path assumed broadly flat from the 2023 production base
demand,paper,CEPI,Key Statistics 2022 - European pulp & paper industry,https://www.cepi.org/wp-content/uploads/2023/07/2022-Key-Statistics-FINAL.pdf,2022,Demand path assumed gently declining from the 2023 production base
scenarios,multiple,ESABCC Method Hub (model team),Model README - sensitivity scenario methodology,beta/modules/summer-prep/optimization/model/README.md,2026,"All 13 scenarios (1 central + 12 sensitivities) are prototype modelling assumptions (parameter multipliers applied to already-sourced central inputs), not independent literature values; see the README for the full methodology and per-scenario definitions."
