country,year,unit,historic,wem,wam,necp_commitment
AT,2022,kt CO2e,-206.472,,,
AT,2023,kt CO2e,7529.99,7529.99,7529.99,
AT,2030,kt CO2e,,-4004.08,-4004.08,
AT,2035,kt CO2e,,-4577.71,-4577.71,
AT,2040,kt CO2e,,-2852.0,-2852.0,
BE,2022,kt CO2e,-516.392,,,
BE,2023,kt CO2e,-306.065,-525.839,-600.692,
BE,2030,kt CO2e,,-1105.64,-1270.16,-1.0
BE,2035,kt CO2e,,-1116.56,-1293.99,
BE,2040,kt CO2e,,-1127.04,-1321.04,
BG,2022,kt CO2e,-9153.93,,,
BG,2023,kt CO2e,-8601.07,-8601.07,-8601.07,
BG,2030,kt CO2e,,-9515.88,-9515.88,
BG,2035,kt CO2e,,-9455.33,-9455.33,9718.0
BG,2040,kt CO2e,,-9387.56,-9387.56,
CY,2022,kt CO2e,-299.39,,,-299.39
CY,2023,kt CO2e,-310.577,-300.0,-300.0,-300.0
CY,2030,kt CO2e,,-325.0,-352.0,-322.9
CY,2035,kt CO2e,,-341.006,-384.881,-352.0
CY,2040,kt CO2e,,-357.013,-417.763,-417.76
CZ,2022,kt CO2e,1447.11,,,
CZ,2023,kt CO2e,-3568.42,686.499,686.499,
CZ,2030,kt CO2e,,-5741.46,-5741.46,
CZ,2035,kt CO2e,,-6741.9,-6741.9,-1228.0
CZ,2040,kt CO2e,,-7067.15,-7067.15,
DE,2022,kt CO2e,75603.5,,,75603.0
DE,2023,kt CO2e,68652.8,68652.8,68652.8,68653.0
DE,2030,kt CO2e,,32313.0,31939.7,40000.0
DE,2035,kt CO2e,,35989.9,33809.8,32000.0
DE,2040,kt CO2e,,35823.2,32389.6,36000.0
DK,2022,kt CO2e,-418.285,,,6200.0
DK,2023,kt CO2e,-500.449,-500.451,-500.451,6200.0
DK,2030,kt CO2e,,322.13,322.13,920.0
DK,2035,kt CO2e,,-1308.4,-1308.4,
DK,2040,kt CO2e,,-1990.25,-1990.25,
EE,2022,kt CO2e,198.204,,,198.204
EE,2023,kt CO2e,2130.79,3704.75,3704.75,2130.79
EE,2030,kt CO2e,,2230.59,2230.59,2230.59
EE,2035,kt CO2e,,2180.77,2180.77,2180.77
EE,2040,kt CO2e,,2304.57,2304.57,2304.57
EL,2022,kt CO2e,-5180.49,,,-6140.0
EL,2023,kt CO2e,-4103.01,-5371.44,-5371.44,-6160.0
EL,2030,kt CO2e,,-6540.5,-7578.82,-6200.0
EL,2035,kt CO2e,,-6736.56,-7791.22,-6600.0
EL,2040,kt CO2e,,-6979.95,-8049.68,-6800.0
ES,2022,kt CO2e,-50620.8,,,-50620.8
ES,2023,kt CO2e,-51032.8,-51032.8,-51032.8,-51032.8
ES,2030,kt CO2e,,-44048.4,-46008.4,-46008.4
ES,2035,kt CO2e,,-40184.8,-41972.9,
ES,2040,kt CO2e,,-38559.5,-40275.2,
FI,2022,kt CO2e,12066.4,,,
FI,2023,kt CO2e,11998.4,12343.4,12343.4,
FI,2030,kt CO2e,,11515.9,11515.9,
FI,2035,kt CO2e,,16186.2,16186.2,
FI,2040,kt CO2e,,16041.9,16041.9,
FR,2022,kt CO2e,-33970.4,,,
FR,2023,kt CO2e,-37380.6,-16264.2,-13965.6,
FR,2030,kt CO2e,,-6480.89,-24668.0,-18.0
FR,2035,kt CO2e,,-6948.46,-24195.0,
FR,2040,kt CO2e,,-5258.44,-21147.3,
HR,2022,kt CO2e,-4866.52,,,-4866.52
HR,2023,kt CO2e,-5525.74,-4756.06,-4756.06,-5525.74
HR,2030,kt CO2e,,-3957.87,-3957.87,-5527.0
HR,2035,kt CO2e,,-3940.98,-3940.98,
HR,2040,kt CO2e,,-4247.18,-4247.18,
HU,2022,kt CO2e,-6773.15,,,-6773.15
HU,2023,kt CO2e,-5810.83,-5941.63,-6055.77,-5810.83
HU,2030,kt CO2e,,-4942.6,-5750.89,-4942.6
HU,2035,kt CO2e,,-4783.5,-5873.54,-4783.5
HU,2040,kt CO2e,,-4646.81,-6013.87,-4646.81
IE,2022,kt CO2e,3655.25,,,
IE,2023,kt CO2e,3894.54,3894.54,3894.54,
IE,2030,kt CO2e,,7792.0,5534.86,
IE,2035,kt CO2e,,9264.74,8038.61,
IE,2040,kt CO2e,,8413.57,6814.06,
IT,2022,kt CO2e,-39233.3,,,
IT,2023,kt CO2e,-53588.8,-53588.8,-53588.8,
IT,2030,kt CO2e,,-42781.0,-42781.0,
IT,2035,kt CO2e,,-38981.0,-38981.0,
IT,2040,kt CO2e,,-45029.0,-45029.0,
LT,2022,kt CO2e,-5824.47,,,-6149.0
LT,2023,kt CO2e,-5254.68,-6048.57,-6029.61,-5983.0
LT,2030,kt CO2e,,-7457.38,-7594.16,-6606.0
LT,2035,kt CO2e,,-7198.75,-7312.21,-7474.0
LT,2040,kt CO2e,,-6954.12,-6987.2,-6774.0
LU,2022,kt CO2e,-745.025,,,
LU,2023,kt CO2e,-675.631,-672.991,-672.991,
LU,2030,kt CO2e,,-195.621,-429.657,-403.0
LU,2035,kt CO2e,,-45.2364,-256.442,
LU,2040,kt CO2e,,-204.138,-428.393,
LV,2022,kt CO2e,5701.7,,,
LV,2023,kt CO2e,4629.76,4419.22,4419.22,
LV,2030,kt CO2e,,4609.14,4609.14,-644.0
LV,2035,kt CO2e,,5575.54,5575.54,
LV,2040,kt CO2e,,6325.89,6325.89,
MT,2022,kt CO2e,0.789865,,,
MT,2023,kt CO2e,0.950844,0.931946,0.931946,
MT,2030,kt CO2e,,3.16351,3.16351,
MT,2035,kt CO2e,,3.3098,3.3098,
MT,2040,kt CO2e,,0.0575714,0.0575714,
NL,2022,kt CO2e,3470.24,,,5.4
NL,2023,kt CO2e,3804.46,4809.93,4814.96,5.4
NL,2030,kt CO2e,,4778.56,4779.17,5.4
NL,2035,kt CO2e,,4521.89,4522.53,4.92
NL,2040,kt CO2e,,4856.63,4857.29,
PL,2022,kt CO2e,-36449.8,,,1664.0
PL,2023,kt CO2e,-32656.2,-26952.8,-34866.8,-9651.0
PL,2030,kt CO2e,,-24550.5,-42083.0,92.0
PL,2035,kt CO2e,,-21107.7,-35235.5,-3278.0
PL,2040,kt CO2e,,-14266.5,-29984.5,
PT,2022,kt CO2e,-425.166,,,-5925.0
PT,2023,kt CO2e,-2032.67,-5442.23,-6080.11,
PT,2030,kt CO2e,,-3587.56,-6146.41,-6535.0
PT,2035,kt CO2e,,-3430.59,-6726.17,
PT,2040,kt CO2e,,-3323.74,-7429.41,
RO,2022,kt CO2e,-45686.1,,,-45686.1
RO,2023,kt CO2e,-46424.8,-46424.8,-46424.8,-46424.8
RO,2030,kt CO2e,,-48958.6,-49054.7,-49054.4
RO,2035,kt CO2e,,-49573.8,-49716.4,-49716.0
RO,2040,kt CO2e,,-49887.8,-50112.0,-50111.0
SE,2022,kt CO2e,-33614.0,,,
SE,2023,kt CO2e,-31223.6,-31223.6,-31223.6,
SE,2030,kt CO2e,,-29291.1,-29291.1,
SE,2035,kt CO2e,,-22100.1,-22100.1,
SE,2040,kt CO2e,,-18106.6,-18106.6,
SI,2022,kt CO2e,-4218.6,,,
SI,2023,kt CO2e,-4291.12,-470.008,-379.78,
SI,2030,kt CO2e,,-813.232,-2107.18,-146.0
SI,2035,kt CO2e,,51.2307,-1721.69,
SI,2040,kt CO2e,,-173.869,-2206.03,
SK,2022,kt CO2e,-7227.17,,,
SK,2023,kt CO2e,-7775.62,-6917.64,-7153.28,
SK,2030,kt CO2e,,-2722.09,-5800.67,-4689.66
SK,2035,kt CO2e,,-1967.99,-5144.82,-4100.2
SK,2040,kt CO2e,,-1246.95,-4671.43,-3602.95
