country,scope,year,unit,target,historic,wem,wam,gap_wem_kt,gap_wam_kt,gap_wem_rel_reported,gap_wam_rel_reported
AT,excl_lulucf,2022,kt CO2e,,73515.2,,,,,,
AT,excl_lulucf,2023,kt CO2e,,68695.9,,,,,,
AT,excl_lulucf,2030,kt CO2e,29636.0,,60688.4,55451.5,31052.4,25815.5,-1.04779,-0.871085
AT,excl_lulucf,2040,kt CO2e,,,49654.9,37037.2,,,,
AT,excl_lulucf,2050,kt CO2e,,,41550.8,25094.3,,,,
AT,incl_lulucf,2022,kt CO2e,,73308.7,,,,,,
AT,incl_lulucf,2023,kt CO2e,,76225.9,,,,,,
AT,incl_lulucf,2030,kt CO2e,,,56684.4,51447.4,,,,
AT,incl_lulucf,2040,kt CO2e,,,46802.9,34185.2,,,,
AT,incl_lulucf,2050,kt CO2e,,,40377.3,23920.9,,,,
AT,incl_lulucf_aviation,2022,kt CO2e,,75290.4,,,,,,
AT,incl_lulucf_aviation,2023,kt CO2e,,78879.4,,,,,,
AT,incl_lulucf_aviation,2030,kt CO2e,,,59611.5,54374.6,,,,
AT,incl_lulucf_aviation,2040,kt CO2e,,,48875.3,36257.6,,,,
AT,incl_lulucf_aviation,2050,kt CO2e,,,41332.1,24875.6,,,,
BE,excl_lulucf,2022,kt CO2e,,102977.0,,,,,,
BE,excl_lulucf,2023,kt CO2e,,98221.2,,,,,,
BE,excl_lulucf,2030,kt CO2e,,,106581.0,83301.9,,,,
BE,excl_lulucf,2040,kt CO2e,,,105015.0,72355.0,,,,
BE,excl_lulucf,2050,kt CO2e,,,103458.0,40556.4,,,,
BE,incl_lulucf,2022,kt CO2e,,102460.0,,,,,,
BE,incl_lulucf,2023,kt CO2e,,97915.2,,,,,,
BE,incl_lulucf,2030,kt CO2e,,,105475.0,82031.7,,,,
BE,incl_lulucf,2040,kt CO2e,,,103888.0,71034.0,,,,
BE,incl_lulucf,2050,kt CO2e,,,102331.0,39273.5,,,,
BE,incl_lulucf_aviation,2022,kt CO2e,,107756.0,,,,,,
BE,incl_lulucf_aviation,2023,kt CO2e,,103224.0,,,,,,
BE,incl_lulucf_aviation,2030,kt CO2e,,,110438.0,86994.3,,,,
BE,incl_lulucf_aviation,2040,kt CO2e,,,108883.0,76028.5,,,,
BE,incl_lulucf_aviation,2050,kt CO2e,,,107339.0,44276.6,,,,
BG,excl_lulucf,2022,kt CO2e,,58396.2,,,,,,
BG,excl_lulucf,2023,kt CO2e,,45364.9,,,,,,
BG,excl_lulucf,2030,kt CO2e,,,26984.7,26984.7,,,,
BG,excl_lulucf,2040,kt CO2e,,,15661.2,15661.2,,,,
BG,excl_lulucf,2050,kt CO2e,,,8172.19,8172.19,,,,
BG,incl_lulucf,2022,kt CO2e,,49242.2,,,,,,
BG,incl_lulucf,2023,kt CO2e,,36763.9,,,,,,
BG,incl_lulucf,2030,kt CO2e,,,17468.8,17468.8,,,,
BG,incl_lulucf,2040,kt CO2e,,,6273.62,6273.62,,,,
BG,incl_lulucf,2050,kt CO2e,,,-1058.63,-1058.63,,,,
BG,incl_lulucf_aviation,2022,kt CO2e,,49838.5,,,,,,
BG,incl_lulucf_aviation,2023,kt CO2e,,37428.6,,,,,,
BG,incl_lulucf_aviation,2030,kt CO2e,,,17864.2,17864.2,,,,
BG,incl_lulucf_aviation,2040,kt CO2e,,,6503.09,6503.09,,,,
BG,incl_lulucf_aviation,2050,kt CO2e,,,-938.889,-938.889,,,,
CY,excl_lulucf,2022,kt CO2e,,8336.76,,,,,,
CY,excl_lulucf,2023,kt CO2e,,8496.85,,,,,,
CY,excl_lulucf,2030,kt CO2e,3161.0,,6987.59,5832.89,3826.59,2671.8900000000003,-1.21056,-0.845268
CY,excl_lulucf,2040,kt CO2e,,,5221.35,3749.63,,,,
CY,excl_lulucf,2050,kt CO2e,,,4903.06,3474.95,,,,
CY,incl_lulucf,2022,kt CO2e,,8037.37,,,,,,
CY,incl_lulucf,2023,kt CO2e,,8186.27,,,,,,
CY,incl_lulucf,2030,kt CO2e,2809.0,,6662.59,5480.89,3853.59,2671.8900000000003,-1.37187,-0.95119
CY,incl_lulucf,2040,kt CO2e,,,4864.33,3331.87,,,,
CY,incl_lulucf,2050,kt CO2e,,,4517.24,2991.43,,,,
CY,incl_lulucf_aviation,2022,kt CO2e,,8832.92,,,,,,
CY,incl_lulucf_aviation,2023,kt CO2e,,9146.81,,,,,,
CY,incl_lulucf_aviation,2030,kt CO2e,3800.0,,7605.05,6420.87,3805.05,2620.87,-1.00133,-0.689703
CY,incl_lulucf_aviation,2040,kt CO2e,,,5929.56,4248.31,,,,
CY,incl_lulucf_aviation,2050,kt CO2e,,,5709.26,3395.32,,,,
CZ,excl_lulucf,2022,kt CO2e,,114519.0,,,,,,
CZ,excl_lulucf,2023,kt CO2e,,102056.0,,,,,,
CZ,excl_lulucf,2030,kt CO2e,103962.0,,65538.3,59800.3,-38423.7,-44161.7,0.369593,0.424787
CZ,excl_lulucf,2040,kt CO2e,70000.0,,51110.5,31255.2,-18889.5,-38744.8,0.26985,0.553498
CZ,excl_lulucf,2050,kt CO2e,39000.0,,43668.2,19154.5,4668.199999999997,-19845.5,-0.119698,0.508858
CZ,incl_lulucf,2022,kt CO2e,,115966.0,,,,,,
CZ,incl_lulucf,2023,kt CO2e,,98487.4,,,,,,
CZ,incl_lulucf,2030,kt CO2e,,,59796.9,54058.8,,,,
CZ,incl_lulucf,2040,kt CO2e,,,44043.3,24188.0,,,,
CZ,incl_lulucf,2050,kt CO2e,,,36997.8,12484.1,,,,
CZ,incl_lulucf_aviation,2022,kt CO2e,,116779.0,,,,,,
CZ,incl_lulucf_aviation,2023,kt CO2e,,99534.6,,,,,,
CZ,incl_lulucf_aviation,2030,kt CO2e,,,60609.3,54871.2,,,,
CZ,incl_lulucf_aviation,2040,kt CO2e,,,44855.7,25000.4,,,,
CZ,incl_lulucf_aviation,2050,kt CO2e,,,37810.1,13296.4,,,,
DE,excl_lulucf,2022,kt CO2e,,748793.0,,,,,,
DE,excl_lulucf,2023,kt CO2e,,672020.0,,,,,,
DE,excl_lulucf,2030,kt CO2e,441000.0,,463395.0,466695.0,22395.0,25695.0,-0.0507814,-0.0582644
DE,excl_lulucf,2040,kt CO2e,150000.0,,252618.0,235182.0,102618.0,85182.0,-0.684118,-0.567881
DE,excl_lulucf,2050,kt CO2e,,,189836.0,164094.0,,,,
DE,incl_lulucf,2022,kt CO2e,,824396.0,,,,,,
DE,incl_lulucf,2023,kt CO2e,,740673.0,,,,,,
DE,incl_lulucf,2030,kt CO2e,,,495708.0,498634.0,,,,
DE,incl_lulucf,2040,kt CO2e,,,288441.0,267572.0,,,,
DE,incl_lulucf,2050,kt CO2e,,,230872.0,197971.0,,,,
DE,incl_lulucf_aviation,2022,kt CO2e,,851814.0,,,,,,
DE,incl_lulucf_aviation,2023,kt CO2e,,769302.0,,,,,,
DE,incl_lulucf_aviation,2030,kt CO2e,,,522634.0,525333.0,,,,
DE,incl_lulucf_aviation,2040,kt CO2e,,,309505.0,288636.0,,,,
DE,incl_lulucf_aviation,2050,kt CO2e,,,249333.0,216432.0,,,,
DK,excl_lulucf,2022,kt CO2e,,42494.3,,,,,,
DK,excl_lulucf,2023,kt CO2e,,39009.7,,,,,,
DK,excl_lulucf,2030,kt CO2e,,,21869.3,21869.3,,,,
DK,excl_lulucf,2040,kt CO2e,,,14832.9,14832.9,,,,
DK,excl_lulucf,2050,kt CO2e,,,13355.8,13355.8,,,,
DK,incl_lulucf,2022,kt CO2e,,42076.0,,,,,,
DK,incl_lulucf,2023,kt CO2e,,38509.3,,,,,,
DK,incl_lulucf,2030,kt CO2e,23709.0,,22191.4,22191.4,-1517.5999999999985,-1517.5999999999985,0.0640087,0.0640087
DK,incl_lulucf,2040,kt CO2e,,,12842.6,12842.6,,,,
DK,incl_lulucf,2050,kt CO2e,0.0,,9724.76,9724.76,9724.76,9724.76,,
DK,incl_lulucf_aviation,2022,kt CO2e,,44264.2,,,,,,
DK,incl_lulucf_aviation,2023,kt CO2e,,41018.7,,,,,,
DK,incl_lulucf_aviation,2030,kt CO2e,,,24777.9,24777.9,,,,
DK,incl_lulucf_aviation,2040,kt CO2e,,,14584.8,14584.8,,,,
DK,incl_lulucf_aviation,2050,kt CO2e,,,10453.4,10453.4,,,,
EE,excl_lulucf,2022,kt CO2e,,14149.1,,,,,,
EE,excl_lulucf,2023,kt CO2e,,10862.5,,,,,,
EE,excl_lulucf,2030,kt CO2e,,,9337.25,9337.25,,,,
EE,excl_lulucf,2040,kt CO2e,,,7000.3,7000.3,,,,
EE,excl_lulucf,2050,kt CO2e,,,4314.44,4314.44,,,,
EE,incl_lulucf,2022,kt CO2e,,14347.3,,,,,,
EE,incl_lulucf,2023,kt CO2e,,12993.3,,,,,,
EE,incl_lulucf,2030,kt CO2e,,,11567.8,11567.8,,,,
EE,incl_lulucf,2040,kt CO2e,,,9304.87,9304.87,,,,
EE,incl_lulucf,2050,kt CO2e,0.0,,6707.4,6707.4,6707.4,6707.4,,
EE,incl_lulucf_aviation,2022,kt CO2e,,14520.8,,,,,,
EE,incl_lulucf_aviation,2023,kt CO2e,,13139.3,,,,,,
EE,incl_lulucf_aviation,2030,kt CO2e,,,11758.1,11758.1,,,,
EE,incl_lulucf_aviation,2040,kt CO2e,,,9519.26,9519.26,,,,
EE,incl_lulucf_aviation,2050,kt CO2e,,,6948.95,6948.95,,,,
EL,excl_lulucf,2022,kt CO2e,,77769.9,,,,,,
EL,excl_lulucf,2023,kt CO2e,,71934.7,,,,,,
EL,excl_lulucf,2030,kt CO2e,47987.2,,47987.2,47987.2,0.0,0.0,-5.639e-07,-5.639e-07
EL,excl_lulucf,2040,kt CO2e,26825.7,,26825.7,26825.7,0.0,0.0,5.29716e-07,5.29716e-07
EL,excl_lulucf,2050,kt CO2e,11723.6,,11723.6,11723.6,0.0,0.0,3.94248e-06,3.94248e-06
EL,incl_lulucf,2022,kt CO2e,,72589.4,,,,,,
EL,incl_lulucf,2023,kt CO2e,,67831.7,,,,,,
EL,incl_lulucf,2030,kt CO2e,40408.4,,41446.7,40408.4,1038.2999999999956,0.0,-0.0256958,-2.25943e-07
EL,incl_lulucf,2040,kt CO2e,18776.0,,19845.7,18776.0,1069.7000000000007,0.0,-0.0569737,-7.72262e-08
EL,incl_lulucf,2050,kt CO2e,2719.48,,4568.52,2719.49,1849.0400000000004,0.009999999999763531,-0.679923,-4.50711e-06
EL,incl_lulucf_aviation,2022,kt CO2e,,76561.1,,,,,,
EL,incl_lulucf_aviation,2023,kt CO2e,,72029.0,,,,,,
EL,incl_lulucf_aviation,2030,kt CO2e,43792.3,,44830.6,43792.3,1038.2999999999956,0.0,-0.0237105,-4.16169e-07
EL,incl_lulucf_aviation,2040,kt CO2e,21251.0,,22320.8,21251.0,1069.7999999999993,0.0,-0.0503395,-1.37688e-06
EL,incl_lulucf_aviation,2050,kt CO2e,3515.52,,5364.56,3515.53,1849.0400000000004,0.010000000000218279,-0.525965,-3.93128e-06
ES,excl_lulucf,2022,kt CO2e,,292297.0,,,,,,
ES,excl_lulucf,2023,kt CO2e,,269968.0,,,,,,
ES,excl_lulucf,2030,kt CO2e,193405.0,,236395.0,193405.0,42990.0,0.0,-0.222278,-2.33862e-06
ES,excl_lulucf,2040,kt CO2e,,,175617.0,144652.0,,,,
ES,excl_lulucf,2050,kt CO2e,,,132430.0,112993.0,,,,
ES,incl_lulucf,2022,kt CO2e,,241676.0,,,,,,
ES,incl_lulucf,2023,kt CO2e,,218935.0,,,,,,
ES,incl_lulucf,2030,kt CO2e,147397.0,,192346.0,147397.0,44949.0,0.0,-0.304954,-2.25242e-07
ES,incl_lulucf,2040,kt CO2e,,,137057.0,104376.0,,,,
ES,incl_lulucf,2050,kt CO2e,,,94632.4,73514.1,,,,
ES,incl_lulucf_aviation,2022,kt CO2e,,256794.0,,,,,,
ES,incl_lulucf_aviation,2023,kt CO2e,,236272.0,,,,,,
ES,incl_lulucf_aviation,2030,kt CO2e,161668.0,,210459.0,161668.0,48791.0,0.0,-0.301796,-1.96662e-06
ES,incl_lulucf_aviation,2040,kt CO2e,,,155201.0,118672.0,,,,
ES,incl_lulucf_aviation,2050,kt CO2e,,,112311.0,87443.3,,,,
FI,excl_lulucf,2022,kt CO2e,,45646.4,,,,,,
FI,excl_lulucf,2023,kt CO2e,,41055.4,,,,,,
FI,excl_lulucf,2030,kt CO2e,28709.0,,29788.6,29788.6,1079.5999999999985,1079.5999999999985,-0.0376046,-0.0376046
FI,excl_lulucf,2040,kt CO2e,14354.0,,16967.2,16967.2,2613.2000000000007,2613.2000000000007,-0.182056,-0.182056
FI,excl_lulucf,2050,kt CO2e,7177.0,,14008.8,14008.8,6831.799999999999,6831.799999999999,-0.951909,-0.951909
FI,incl_lulucf,2022,kt CO2e,,57712.8,,,,,,
FI,incl_lulucf,2023,kt CO2e,,53053.8,,,,,,
FI,incl_lulucf,2030,kt CO2e,,,41304.4,41304.4,,,,
FI,incl_lulucf,2040,kt CO2e,0.0,,33009.1,33009.1,33009.1,33009.1,,
FI,incl_lulucf,2050,kt CO2e,0.0,,22742.8,22742.8,22742.8,22742.8,,
FI,incl_lulucf_aviation,2022,kt CO2e,,59354.5,,,,,,
FI,incl_lulucf_aviation,2023,kt CO2e,,54991.2,,,,,,
FI,incl_lulucf_aviation,2030,kt CO2e,,,42946.0,42946.0,,,,
FI,incl_lulucf_aviation,2040,kt CO2e,,,34650.7,34650.7,,,,
FI,incl_lulucf_aviation,2050,kt CO2e,,,24384.3,24384.3,,,,
FR,excl_lulucf,2022,kt CO2e,,402589.0,,,,,,
FR,excl_lulucf,2023,kt CO2e,,375597.0,,,,,,
FR,excl_lulucf,2030,kt CO2e,270000.0,,326151.0,274995.0,56151.0,4995.0,-0.207968,-0.0185001
FR,excl_lulucf,2040,kt CO2e,,,263718.0,224486.0,,,,
FR,excl_lulucf,2050,kt CO2e,,,229935.0,196449.0,,,,
FR,incl_lulucf,2022,kt CO2e,,368619.0,,,,,,
FR,incl_lulucf,2023,kt CO2e,,338216.0,,,,,,
FR,incl_lulucf,2030,kt CO2e,,,319670.0,250327.0,,,,
FR,incl_lulucf,2040,kt CO2e,,,258460.0,203338.0,,,,
FR,incl_lulucf,2050,kt CO2e,,,226354.0,184453.0,,,,
FR,incl_lulucf_aviation,2022,kt CO2e,,382994.0,,,,,,
FR,incl_lulucf_aviation,2023,kt CO2e,,354816.0,,,,,,
FR,incl_lulucf_aviation,2030,kt CO2e,,,338717.0,269373.0,,,,
FR,incl_lulucf_aviation,2040,kt CO2e,,,274485.0,219364.0,,,,
FR,incl_lulucf_aviation,2050,kt CO2e,,,240711.0,198810.0,,,,
HR,excl_lulucf,2022,kt CO2e,,24523.3,,,,,,
HR,excl_lulucf,2023,kt CO2e,,25418.9,,,,,,
HR,excl_lulucf,2030,kt CO2e,,,23396.6,18831.5,,,,
HR,excl_lulucf,2040,kt CO2e,,,19896.1,11062.2,,,,
HR,excl_lulucf,2050,kt CO2e,,,15878.6,6854.0,,,,
HR,incl_lulucf,2022,kt CO2e,,19656.8,,,,,,
HR,incl_lulucf,2023,kt CO2e,,19893.2,,,,,,
HR,incl_lulucf,2030,kt CO2e,,,19438.7,14873.6,,,,
HR,incl_lulucf,2040,kt CO2e,,,15649.0,6814.98,,,,
HR,incl_lulucf,2050,kt CO2e,,,11292.4,2267.79,,,,
HR,incl_lulucf_aviation,2022,kt CO2e,,20225.4,,,,,,
HR,incl_lulucf_aviation,2023,kt CO2e,,20494.0,,,,,,
HR,incl_lulucf_aviation,2030,kt CO2e,,,19837.8,15272.7,,,,
HR,incl_lulucf_aviation,2040,kt CO2e,,,16067.5,7233.55,,,,
HR,incl_lulucf_aviation,2050,kt CO2e,,,11731.9,2707.26,,,,
HU,excl_lulucf,2022,kt CO2e,,59728.0,,,,,,
HU,excl_lulucf,2023,kt CO2e,,54312.6,,,,,,
HU,excl_lulucf,2030,kt CO2e,475000.0,,53730.8,47833.2,-421269.2,-427166.8,0.886882,0.899298
HU,excl_lulucf,2040,kt CO2e,42688.9,,42688.9,31395.3,0.0,-11293.600000000002,8.14263e-07,0.264556
HU,excl_lulucf,2050,kt CO2e,37014.5,,37014.5,15606.0,0.0,-21408.5,1.16711e-06,0.578381
HU,incl_lulucf,2022,kt CO2e,,52954.8,,,,,,
HU,incl_lulucf,2023,kt CO2e,,48501.8,,,,,,
HU,incl_lulucf,2030,kt CO2e,412000.0,,48788.2,42082.3,-363211.8,-369917.7,0.881582,0.897858
HU,incl_lulucf,2040,kt CO2e,38042.1,,38042.1,25381.4,0.0,-12660.699999999997,1.27622e-06,0.332807
HU,incl_lulucf,2050,kt CO2e,33023.5,,33023.5,9722.76,0.0,-23300.739999999998,1.16674e-06,0.705581
HU,incl_lulucf_aviation,2022,kt CO2e,,53751.3,,,,,,
HU,incl_lulucf_aviation,2023,kt CO2e,,49419.2,,,,,,
HU,incl_lulucf_aviation,2030,kt CO2e,,,49584.7,42878.8,,,,
HU,incl_lulucf_aviation,2040,kt CO2e,,,38838.5,26177.9,,,,
HU,incl_lulucf_aviation,2050,kt CO2e,,,33819.9,10519.2,,,,
IE,excl_lulucf,2022,kt CO2e,,58960.4,,,,,,
IE,excl_lulucf,2023,kt CO2e,,54934.4,,,,,,
IE,excl_lulucf,2030,kt CO2e,,,52045.4,45035.9,,,,
IE,excl_lulucf,2040,kt CO2e,,,46095.4,37880.6,,,,
IE,excl_lulucf,2050,kt CO2e,,,41798.5,31701.6,,,,
IE,incl_lulucf,2022,kt CO2e,,62615.7,,,,,,
IE,incl_lulucf,2023,kt CO2e,,58828.9,,,,,,
IE,incl_lulucf,2030,kt CO2e,335000.0,,59837.4,50570.8,-275162.6,-284429.2,0.821381,0.849042
IE,incl_lulucf,2040,kt CO2e,,,54508.9,44694.7,,,,
IE,incl_lulucf,2050,kt CO2e,0.0,,49391.3,38667.8,49391.3,38667.8,,
IE,incl_lulucf_aviation,2022,kt CO2e,,65660.8,,,,,,
IE,incl_lulucf_aviation,2023,kt CO2e,,62266.7,,,,,,
IE,incl_lulucf_aviation,2030,kt CO2e,,,63679.3,54412.7,,,,
IE,incl_lulucf_aviation,2040,kt CO2e,,,57564.4,47750.2,,,,
IE,incl_lulucf_aviation,2050,kt CO2e,,,50895.1,40171.6,,,,
IT,excl_lulucf,2022,kt CO2e,,412121.0,,,,,,
IT,excl_lulucf,2023,kt CO2e,,383887.0,,,,,,
IT,excl_lulucf,2030,kt CO2e,,,342048.0,284925.0,,,,
IT,excl_lulucf,2040,kt CO2e,,,301167.0,233013.0,,,,
IT,excl_lulucf,2050,kt CO2e,,,271425.0,175568.0,,,,
IT,incl_lulucf,2022,kt CO2e,,372887.0,,,,,,
IT,incl_lulucf,2023,kt CO2e,,330298.0,,,,,,
IT,incl_lulucf,2030,kt CO2e,262000.0,,299267.0,242144.0,37267.0,-19856.0,-0.142242,0.0757867
IT,incl_lulucf,2040,kt CO2e,,,256138.0,187984.0,,,,
IT,incl_lulucf,2050,kt CO2e,,,228365.0,132509.0,,,,
IT,incl_lulucf_aviation,2022,kt CO2e,,382065.0,,,,,,
IT,incl_lulucf_aviation,2023,kt CO2e,,341983.0,,,,,,
IT,incl_lulucf_aviation,2030,kt CO2e,,,311273.0,254149.0,,,,
IT,incl_lulucf_aviation,2040,kt CO2e,,,269897.0,201742.0,,,,
IT,incl_lulucf_aviation,2050,kt CO2e,,,242514.0,146657.0,,,,
LT,excl_lulucf,2022,kt CO2e,,18394.0,,,,,,
LT,excl_lulucf,2023,kt CO2e,,17849.7,,,,,,
LT,excl_lulucf,2030,kt CO2e,,,16214.5,15262.8,,,,
LT,excl_lulucf,2040,kt CO2e,,,14373.9,13371.5,,,,
LT,excl_lulucf,2050,kt CO2e,,,13642.5,12575.8,,,,
LT,incl_lulucf,2022,kt CO2e,,12569.5,,,,,,
LT,incl_lulucf,2023,kt CO2e,,12595.1,,,,,,
LT,incl_lulucf,2030,kt CO2e,15708.0,,8757.14,7668.69,-6950.860000000001,-8039.31,0.442504,0.511797
LT,incl_lulucf,2040,kt CO2e,7220.0,,7419.83,6384.34,199.82999999999993,-835.6599999999999,-0.0276768,0.115743
LT,incl_lulucf,2050,kt CO2e,0.0,,8469.36,7402.45,8469.36,7402.45,,
LT,incl_lulucf_aviation,2022,kt CO2e,,12876.5,,,,,,
LT,incl_lulucf_aviation,2023,kt CO2e,,12913.4,,,,,,
LT,incl_lulucf_aviation,2030,kt CO2e,,,9170.24,8031.41,,,,
LT,incl_lulucf_aviation,2040,kt CO2e,,,7869.7,6747.06,,,,
LT,incl_lulucf_aviation,2050,kt CO2e,,,8959.28,7765.17,,,,
LU,excl_lulucf,2022,kt CO2e,,8214.29,,,,,,
LU,excl_lulucf,2023,kt CO2e,,7768.89,,,,,,
LU,excl_lulucf,2030,kt CO2e,5626.41,,8046.35,5626.41,2419.9400000000005,0.0,-0.430104,-6.29531e-07
LU,excl_lulucf,2040,kt CO2e,2059.51,,6726.56,2059.51,4667.05,0.0,-2.2661,9.7596e-07
LU,excl_lulucf,2050,kt CO2e,1373.58,,5906.37,1373.58,4532.79,0.0,-3.29998,-5.16897e-08
LU,incl_lulucf,2022,kt CO2e,,7469.27,,,,,,
LU,incl_lulucf,2023,kt CO2e,,7093.26,,,,,,
LU,incl_lulucf,2030,kt CO2e,5196.76,,7850.73,5196.76,2653.9699999999993,0.0,-0.510697,5.79015e-07
LU,incl_lulucf,2040,kt CO2e,1631.12,,6522.42,1631.12,4891.3,0.0,-2.99874,2.94644e-06
LU,incl_lulucf,2050,kt CO2e,713.781,,5405.11,713.781,4691.329,0.0,-6.57251,-6.68833e-07
LU,incl_lulucf_aviation,2022,kt CO2e,,9422.21,,,,,,
LU,incl_lulucf_aviation,2023,kt CO2e,,8896.73,,,,,,
LU,incl_lulucf_aviation,2030,kt CO2e,7136.02,,9893.45,7136.02,2757.4300000000003,0.0,-0.38641,8.39403e-09
LU,incl_lulucf_aviation,2040,kt CO2e,2802.02,,8244.99,2802.02,5442.969999999999,0.0,-1.94252,-8.57167e-07
LU,incl_lulucf_aviation,2050,kt CO2e,1160.55,,6612.57,1160.55,5452.0199999999995,0.0,-4.69779,2.28082e-07
LV,excl_lulucf,2022,kt CO2e,,10106.3,,,,,,
LV,excl_lulucf,2023,kt CO2e,,9968.93,,,,,,
LV,excl_lulucf,2030,kt CO2e,,,8554.4,8304.55,,,,
LV,excl_lulucf,2040,kt CO2e,,,6126.25,5177.52,,,,
LV,excl_lulucf,2050,kt CO2e,,,4716.63,4385.86,,,,
LV,incl_lulucf,2022,kt CO2e,,15808.0,,,,,,
LV,incl_lulucf,2023,kt CO2e,,14598.7,,,,,,
LV,incl_lulucf,2030,kt CO2e,,,13163.5,12913.7,,,,
LV,incl_lulucf,2040,kt CO2e,,,12452.1,11503.4,,,,
LV,incl_lulucf,2050,kt CO2e,,,11099.2,10768.4,,,,
LV,incl_lulucf_aviation,2022,kt CO2e,,16245.9,,,,,,
LV,incl_lulucf_aviation,2023,kt CO2e,,15008.8,,,,,,
LV,incl_lulucf_aviation,2030,kt CO2e,,,13627.4,13377.5,,,,
LV,incl_lulucf_aviation,2040,kt CO2e,,,12940.1,11987.9,,,,
LV,incl_lulucf_aviation,2050,kt CO2e,,,11595.3,11264.6,,,,
MT,excl_lulucf,2022,kt CO2e,,2259.67,,,,,,
MT,excl_lulucf,2023,kt CO2e,,2245.93,,,,,,
MT,excl_lulucf,2030,kt CO2e,1790.68,,1916.99,1790.68,126.30999999999995,0.0,-0.0705364,-1.23808e-06
MT,excl_lulucf,2040,kt CO2e,,,1604.54,1638.97,,,,
MT,excl_lulucf,2050,kt CO2e,,,1492.34,1635.59,,,,
MT,incl_lulucf,2022,kt CO2e,,2260.46,,,,,,
MT,incl_lulucf,2023,kt CO2e,,2246.88,,,,,,
MT,incl_lulucf,2030,kt CO2e,1793.85,,1930.15,1793.85,136.30000000000018,0.0,-0.0759828,2.38203e-06
MT,incl_lulucf,2040,kt CO2e,,,1604.6,1639.03,,,,
MT,incl_lulucf,2050,kt CO2e,,,1492.68,1635.93,,,,
MT,incl_lulucf_aviation,2022,kt CO2e,,2642.65,,,,,,
MT,incl_lulucf_aviation,2023,kt CO2e,,2719.35,,,,,,
MT,incl_lulucf_aviation,2030,kt CO2e,2286.56,,2413.86,2287.56,127.30000000000018,1.0,-0.0556744,-0.000435992
MT,incl_lulucf_aviation,2040,kt CO2e,,,2120.3,2154.73,,,,
MT,incl_lulucf_aviation,2050,kt CO2e,,,2008.39,2151.63,,,,
NL,excl_lulucf,2022,kt CO2e,,153095.0,,,,,,
NL,excl_lulucf,2023,kt CO2e,,142204.0,,,,,,
NL,excl_lulucf,2030,kt CO2e,,,115853.0,112134.0,,,,
NL,excl_lulucf,2040,kt CO2e,,,84406.5,81530.4,,,,
NL,excl_lulucf,2050,kt CO2e,,,61112.6,59161.7,,,,
NL,incl_lulucf,2022,kt CO2e,,156566.0,,,,,,
NL,incl_lulucf,2023,kt CO2e,,146008.0,,,,,,
NL,incl_lulucf,2030,kt CO2e,102395.0,,120632.0,116913.0,18237.0,14518.0,-0.178103,-0.141781
NL,incl_lulucf,2040,kt CO2e,,,89263.8,86387.6,,,,
NL,incl_lulucf,2050,kt CO2e,0.0,,65556.7,63565.9,65556.7,63565.9,,
NL,incl_lulucf_aviation,2022,kt CO2e,,166118.0,,,,,,
NL,incl_lulucf_aviation,2023,kt CO2e,,156071.0,,,,,,
NL,incl_lulucf_aviation,2030,kt CO2e,,,132012.0,128351.0,,,,
NL,incl_lulucf_aviation,2040,kt CO2e,,,97164.7,94338.2,,,,
NL,incl_lulucf_aviation,2050,kt CO2e,,,69115.5,67187.3,,,,
PL,excl_lulucf,2022,kt CO2e,,380458.0,,,,,,
PL,excl_lulucf,2023,kt CO2e,,348060.0,,,,,,
PL,excl_lulucf,2030,kt CO2e,,,282268.0,263356.0,,,,
PL,excl_lulucf,2040,kt CO2e,,,196298.0,162783.0,,,,
PL,excl_lulucf,2050,kt CO2e,,,146350.0,120932.0,,,,
PL,incl_lulucf,2022,kt CO2e,,344008.0,,,,,,
PL,incl_lulucf,2023,kt CO2e,,315404.0,,,,,,
PL,incl_lulucf,2030,kt CO2e,,,257718.0,221273.0,,,,
PL,incl_lulucf,2040,kt CO2e,,,182031.0,132799.0,,,,
PL,incl_lulucf,2050,kt CO2e,,,136698.0,101176.0,,,,
PL,incl_lulucf_aviation,2022,kt CO2e,,346921.0,,,,,,
PL,incl_lulucf_aviation,2023,kt CO2e,,318956.0,,,,,,
PL,incl_lulucf_aviation,2030,kt CO2e,,,260236.0,223766.0,,,,
PL,incl_lulucf_aviation,2040,kt CO2e,,,184727.0,135467.0,,,,
PL,incl_lulucf_aviation,2050,kt CO2e,,,138254.0,102717.0,,,,
PT,excl_lulucf,2022,kt CO2e,,56275.9,,,,,,
PT,excl_lulucf,2023,kt CO2e,,53123.9,,,,,,
PT,excl_lulucf,2030,kt CO2e,38920.0,,44378.3,37260.4,5458.300000000003,-1659.5999999999985,-0.140244,0.0426425
PT,excl_lulucf,2040,kt CO2e,30271.0,,30992.1,23868.2,721.0999999999985,-6402.799999999999,-0.0238199,0.211515
PT,excl_lulucf,2050,kt CO2e,8649.0,,16670.9,15877.4,8021.9000000000015,7228.4,-0.9275,-0.835746
PT,incl_lulucf,2022,kt CO2e,,55850.8,,,,,,
PT,incl_lulucf,2023,kt CO2e,,51091.3,,,,,,
PT,incl_lulucf,2030,kt CO2e,,,40790.7,31113.9,,,,
PT,incl_lulucf,2040,kt CO2e,,,27668.3,16438.8,,,,
PT,incl_lulucf,2050,kt CO2e,,,14373.0,8216.55,,,,
PT,incl_lulucf_aviation,2022,kt CO2e,,59988.9,,,,,,
PT,incl_lulucf_aviation,2023,kt CO2e,,55903.5,,,,,,
PT,incl_lulucf_aviation,2030,kt CO2e,,,44990.2,35313.4,,,,
PT,incl_lulucf_aviation,2040,kt CO2e,,,31867.7,20638.2,,,,
PT,incl_lulucf_aviation,2050,kt CO2e,,,18572.4,12416.0,,,,
RO,excl_lulucf,2022,kt CO2e,,109667.0,,,,,,
RO,excl_lulucf,2023,kt CO2e,,103862.0,,,,,,
RO,excl_lulucf,2030,kt CO2e,83362.3,,90551.1,84835.4,7188.800000000003,1473.0999999999913,-0.086236,-0.0176709
RO,excl_lulucf,2040,kt CO2e,58462.0,,76227.2,58970.0,17765.199999999997,508.0,-0.303877,-0.00868923
RO,excl_lulucf,2050,kt CO2e,40371.5,,69810.7,40228.8,29439.199999999997,-142.6999999999971,-0.729207,0.00353544
RO,incl_lulucf,2022,kt CO2e,,63981.1,,,,,,
RO,incl_lulucf,2023,kt CO2e,,57437.7,,,,,,
RO,incl_lulucf,2030,kt CO2e,34307.9,,41592.5,35780.7,7284.5999999999985,1472.7999999999956,-0.21233,-0.0429297
RO,incl_lulucf,2040,kt CO2e,8350.92,,26339.4,8857.97,17988.480000000003,507.0499999999993,-2.15408,-0.0607184
RO,incl_lulucf,2050,kt CO2e,-10635.0,,19143.7,-9883.25,29778.7,751.75,2.80006,0.0706868
RO,incl_lulucf_aviation,2022,kt CO2e,,64258.9,,,,,,
RO,incl_lulucf_aviation,2023,kt CO2e,,57726.3,,,,,,
RO,incl_lulucf_aviation,2030,kt CO2e,,,41845.2,36008.5,,,,
RO,incl_lulucf_aviation,2040,kt CO2e,,,26584.7,8978.09,,,,
RO,incl_lulucf_aviation,2050,kt CO2e,,,19366.3,-9800.6,,,,
SE,excl_lulucf,2022,kt CO2e,,44201.7,,,,,,
SE,excl_lulucf,2023,kt CO2e,,44386.0,,,,,,
SE,excl_lulucf,2030,kt CO2e,,,33942.2,33942.2,,,,
SE,excl_lulucf,2040,kt CO2e,,,23312.6,23312.6,,,,
SE,excl_lulucf,2050,kt CO2e,,,19057.8,19057.8,,,,
SE,incl_lulucf,2022,kt CO2e,,10587.7,,,,,,
SE,incl_lulucf,2023,kt CO2e,,13162.4,,,,,,
SE,incl_lulucf,2030,kt CO2e,,,4651.09,4651.09,,,,
SE,incl_lulucf,2040,kt CO2e,,,5205.99,5205.99,,,,
SE,incl_lulucf,2050,kt CO2e,,,3304.81,3304.81,,,,
SE,incl_lulucf_aviation,2022,kt CO2e,,12547.5,,,,,,
SE,incl_lulucf_aviation,2023,kt CO2e,,15299.1,,,,,,
SE,incl_lulucf_aviation,2030,kt CO2e,,,7315.5,7315.5,,,,
SE,incl_lulucf_aviation,2040,kt CO2e,,,7012.04,7012.04,,,,
SE,incl_lulucf_aviation,2050,kt CO2e,,,3698.45,3698.45,,,,
SI,excl_lulucf,2022,kt CO2e,,15557.7,,,,,,
SI,excl_lulucf,2023,kt CO2e,,14804.4,,,,,,
SI,excl_lulucf,2030,kt CO2e,,,16350.8,13417.0,,,,
SI,excl_lulucf,2040,kt CO2e,,,11327.6,5778.78,,,,
SI,excl_lulucf,2050,kt CO2e,,,9395.08,2564.89,,,,
SI,incl_lulucf,2022,kt CO2e,,11339.1,,,,,,
SI,incl_lulucf,2023,kt CO2e,,10513.3,,,,,,
SI,incl_lulucf,2030,kt CO2e,,,15537.6,11309.8,,,,
SI,incl_lulucf,2040,kt CO2e,,,11153.7,3572.75,,,,
SI,incl_lulucf,2050,kt CO2e,0.0,,8842.38,66.9348,8842.38,66.9348,,
SI,incl_lulucf_aviation,2022,kt CO2e,,11400.6,,,,,,
SI,incl_lulucf_aviation,2023,kt CO2e,,10567.6,,,,,,
SI,incl_lulucf_aviation,2030,kt CO2e,,,15617.0,11384.2,,,,
SI,incl_lulucf_aviation,2040,kt CO2e,,,11256.7,3636.36,,,,
SI,incl_lulucf_aviation,2050,kt CO2e,,,8959.56,99.0661,,,,
SK,excl_lulucf,2022,kt CO2e,,36840.9,,,,,,
SK,excl_lulucf,2023,kt CO2e,,36073.7,,,,,,
SK,excl_lulucf,2030,kt CO2e,28556.0,,36726.2,28549.9,8170.199999999997,-6.099999999998545,-0.286113,0.000212362
SK,excl_lulucf,2040,kt CO2e,19357.0,,32524.3,19350.9,13167.3,-6.099999999998545,-0.680235,0.000315419
SK,excl_lulucf,2050,kt CO2e,15361.0,,28708.7,15355.3,13347.7,-5.700000000000728,-0.868932,0.000369216
SK,incl_lulucf,2022,kt CO2e,,29613.8,,,,,,
SK,incl_lulucf,2023,kt CO2e,,28298.0,,,,,,
SK,incl_lulucf,2030,kt CO2e,22756.0,,34004.1,22749.3,11248.099999999999,-6.700000000000728,-0.494294,0.000296015
SK,incl_lulucf,2040,kt CO2e,14686.0,,31277.4,14679.5,16591.4,-6.5,-1.12974,0.000445162
SK,incl_lulucf,2050,kt CO2e,9592.0,,26365.8,9585.09,16773.8,-6.9099999999998545,-1.74873,0.000720489
SK,incl_lulucf_aviation,2022,kt CO2e,,29745.3,,,,,,
SK,incl_lulucf_aviation,2023,kt CO2e,,28450.8,,,,,,
SK,incl_lulucf_aviation,2030,kt CO2e,,,34135.7,22880.8,,,,
SK,incl_lulucf_aviation,2040,kt CO2e,,,31408.9,14811.0,,,,
SK,incl_lulucf_aviation,2050,kt CO2e,,,26497.4,9716.66,,,,
